pseudocode,building_status,no_building_blocks,pucca_building_blocks,boundary_wall,total_class_rooms,other_rooms,classrooms_in_good_condition,classrooms_needs_minor_repair,classrooms_needs_major_repair,separate_room_for_hm,total_boys_toilet,total_boys_func_toilet,total_girls_toilet,total_girls_func_toilet,total_boys_cwsn_toilet,func_boys_cwsn_friendly,total_girls_cwsn_toilet,func_girls_cwsn_friendly,urinal_boys,urinal_girls,handwash_near_toilet,hand_pump_yn,well_prot_yn,tap_yn,othsrc_yn,well_unprot_yn,pack_water_yn,hand_pump_fun_yn,well_prot_fun_yn,tap_fun_yn,othsrc_fun_yn,well_unprot_fun_yn,pack_water_fun_yn,rain_water_harvesting,handwash_facility_for_meal,electricity_availability,solar_panel,library_availability,book_bank,reading_corner,playground_available,playground_alt_yn,medical_checkups,availability_ramps,availability_of_handrails,furniture_availability,phy_lab_cond,chem_lab_cond,bio_lab_cond,math_lab_cond,lang_lab_cond,geo_lab_cond,home_sc_lab_cond,psycho_lab_cond,comp_lab_cond,comp_ict_lab_yn,ict_lab_yn,laptop,tablet,desktop,digiboard,teachdev_tot,server_tot,smart_class_tv_tot,projector,printer,internet,dth,spl_educator_yn,infra_score,toilet_functionality_ratio,cwsn_ready
3769477,1,5,5,1,5,1,5,0,0,1,1,1,1,1,1,1,0,0,1,1,1,1,2,2,2,2,2,1,9,9,9,9,9,2,1,1,2,2,2,2,1,9,2,2,9,3,0,0,0,0,0,0,0,0,0,2,9,0,0,0,0,0,0,0,0,0,1,2,3,3,1.0,False
5180993,3,2,2,5,3,1,3,0,0,1,1,1,1,1,0,0,0,0,1,1,1,1,2,2,2,2,2,1,9,9,9,9,9,2,1,1,2,1,2,2,1,9,1,2,9,1,0,0,0,0,0,0,0,0,0,2,9,0,1,0,0,0,0,0,0,0,1,2,3,4,1.0,False
7682892,3,1,1,7,2,2,2,0,0,1,1,1,1,1,0,0,0,0,2,2,1,1,2,2,2,2,2,1,9,9,9,9,9,1,1,1,2,1,1,2,1,9,1,1,2,3,0,0,0,0,0,0,0,0,0,2,2,0,0,0,0,0,0,0,0,0,2,2,1,3,1.0,False
8550213,1,2,2,6,3,2,3,0,0,1,1,1,1,1,0,0,0,0,0,0,1,1,2,1,1,2,1,1,2,1,1,2,1,2,1,1,2,1,2,2,2,2,2,1,1,3,0,0,0,0,0,0,0,0,0,2,9,0,0,0,0,0,0,0,0,0,2,2,3,2,1.0,False
2851758,1,2,2,1,4,15,4,0,0,1,0,0,4,4,0,0,0,0,0,6,1,2,1,2,2,2,2,9,1,9,9,9,9,1,2,1,2,1,2,2,1,9,2,1,2,1,4,4,4,4,4,4,4,4,1,1,9,1,1,15,0,1,1,0,1,1,1,1,3,4,1.0,False
7874043,3,2,2,1,5,2,4,1,0,1,1,1,3,1,0,0,0,0,1,1,1,1,2,2,2,2,2,1,9,9,9,9,9,2,1,1,2,1,1,1,2,2,1,1,1,1,0,0,0,0,0,0,0,0,0,2,9,0,1,0,0,0,0,0,0,0,1,2,2,3,0.5,False
5843693,1,2,0,2,5,0,5,0,0,1,1,1,1,1,2,2,2,2,2,3,1,2,1,1,2,2,1,2,2,1,2,2,1,1,1,1,2,1,1,1,2,1,1,1,1,1,0,0,0,0,0,0,0,0,0,9,2,1,0,1,0,0,0,0,0,0,1,2,2,3,1.0,True
5135267,3,3,3,2,5,0,0,5,0,2,2,1,2,1,0,0,0,0,2,4,1,1,2,2,2,2,2,1,9,9,9,9,9,2,1,1,2,1,2,2,1,9,1,1,2,2,0,0,0,0,0,0,0,0,0,2,2,0,1,3,0,0,0,0,0,0,1,2,3,4,0.5,False
9730844,3,1,1,1,8,4,8,0,0,1,1,1,2,1,0,0,0,0,2,2,1,1,2,1,1,2,2,1,9,1,1,9,9,2,1,1,2,1,1,1,1,9,1,1,1,1,0,0,0,0,0,0,0,0,0,2,2,0,0,0,0,0,0,0,0,0,2,2,3,3,0.6666666666666666,False
8097470,3,21,21,1,21,5,19,1,1,1,2,2,8,8,0,0,0,0,2,2,1,1,2,2,2,2,2,1,9,9,9,9,9,2,1,1,2,1,1,1,1,9,2,1,1,1,1,1,1,1,3,1,2,3,3,2,2,1,0,0,0,0,0,0,0,1,1,2,3,4,1.0,False
5634057,2,23,18,2,10,5,10,0,0,1,2,2,2,2,0,0,0,0,0,0,1,2,2,1,2,2,1,2,2,1,2,2,1,1,1,1,2,1,1,1,1,2,1,1,1,1,0,0,0,0,0,0,0,0,0,9,1,0,0,10,5960,10,1,0,1,1,1,1,2,4,1.0,False
6287913,2,3,1,1,5,1,5,0,0,1,1,1,1,1,0,0,0,0,1,1,1,1,2,2,2,2,2,1,9,9,9,9,9,2,1,1,2,1,2,2,1,9,2,2,9,1,0,0,0,0,0,0,0,0,0,2,9,0,0,0,0,0,0,0,0,0,2,2,3,3,1.0,False
6026628,3,2,1,5,2,1,0,2,0,1,0,0,0,0,0,0,0,0,1,1,2,9,9,9,9,9,9,9,9,9,9,9,9,2,2,2,2,2,2,2,2,2,2,2,9,2,0,0,0,0,0,0,0,0,0,2,9,0,0,0,0,0,0,0,0,0,2,2,3,0,,False
2413798,2,4,4,3,9,5,9,0,0,1,1,1,2,2,1,1,0,0,1,2,1,1,2,1,2,2,2,1,9,1,9,9,9,1,1,1,2,1,1,1,1,9,1,1,1,1,2,2,2,2,4,4,4,4,4,1,1,0,0,10,0,0,0,0,1,1,1,2,2,4,1.0,True
7919445,3,1,1,2,8,6,2,0,6,2,1,1,1,1,1,1,1,1,6,6,1,1,2,2,1,2,2,1,9,9,1,9,9,2,1,1,2,1,1,1,1,9,1,1,2,2,4,4,4,4,4,4,4,4,1,1,1,1,0,20,0,20,0,0,1,1,1,1,3,4,1.0,True
1740287,2,5,5,1,5,5,5,0,0,1,1,1,1,1,1,1,1,1,1,1,1,1,2,1,2,2,2,1,9,1,9,9,9,2,1,1,1,1,2,1,1,9,1,1,1,1,0,0,0,0,0,0,0,0,0,2,9,0,0,0,0,0,0,0,0,0,1,2,3,4,1.0,True
8151066,3,2,1,3,3,0,1,0,2,2,1,1,1,1,0,0,0,0,1,1,1,2,1,1,2,2,2,9,1,1,9,9,9,2,1,1,2,2,1,2,1,9,2,1,1,2,0,0,0,0,0,0,0,0,0,2,9,0,1,0,0,0,0,0,0,0,1,2,3,3,1.0,False
3992583,3,2,2,1,29,2,27,2,0,1,1,1,1,1,1,1,1,1,2,2,1,1,2,1,2,2,1,1,2,1,2,2,1,2,1,1,2,1,1,1,1,2,1,1,1,1,4,4,4,4,4,2,4,4,4,1,1,1,0,1,0,0,0,1,1,1,1,2,3,4,1.0,True
8855749,1,2,2,1,6,1,4,0,2,1,1,1,1,1,0,0,0,0,1,1,1,1,2,2,2,2,2,1,9,9,9,9,9,2,1,1,2,2,2,2,2,2,2,1,1,3,0,0,0,0,0,0,0,0,0,2,9,0,0,0,0,0,0,0,0,0,2,2,3,1,1.0,False
9317917,3,12,8,1,8,3,8,0,0,1,1,1,1,1,1,1,0,0,2,2,2,2,2,1,2,2,2,9,9,1,9,9,9,2,1,1,2,1,1,1,1,9,1,1,2,2,0,0,0,0,0,0,0,0,0,2,2,0,0,0,0,0,0,0,0,0,2,2,3,3,1.0,True
6335753,3,4,2,1,4,2,4,0,0,2,1,0,1,1,1,0,0,0,2,2,1,1,2,2,2,2,2,1,9,9,9,9,9,2,1,1,2,1,1,1,2,1,1,1,1,3,0,0,0,0,0,0,0,0,0,2,9,0,0,0,0,0,0,0,0,0,1,2,3,3,0.5,False
4858778,1,3,1,1,10,2,10,0,0,1,2,2,2,2,1,1,0,0,2,2,1,1,2,1,1,2,2,1,9,1,1,9,9,1,1,1,2,1,1,1,1,9,1,2,9,1,0,0,0,0,0,0,0,0,0,2,9,1,0,1,0,0,0,0,0,1,1,2,3,4,1.0,False
1316387,3,1,1,5,2,0,2,0,0,2,1,1,1,0,0,0,0,0,0,0,2,2,2,1,2,2,2,9,9,1,9,9,9,2,2,1,2,2,2,2,2,2,2,2,9,3,0,0,0,0,0,0,0,0,0,2,9,0,0,0,0,0,0,0,0,0,1,2,3,2,0.5,False
6419305,3,1,1,5,1,0,1,0,0,2,1,1,0,0,0,0,0,0,1,0,1,1,2,2,2,2,2,1,9,9,9,9,9,2,1,1,2,1,1,1,1,9,2,1,1,3,0,0,0,0,0,0,0,0,0,2,9,0,0,0,0,0,0,0,0,0,2,2,3,3,1.0,False
2780379,3,4,4,1,4,1,4,0,0,1,1,1,1,1,0,0,0,0,2,2,1,1,1,1,2,2,2,1,1,1,9,9,9,2,1,1,2,2,1,2,1,9,1,1,1,1,0,0,0,0,0,0,0,0,0,2,9,0,1,0,0,0,0,0,0,0,1,1,2,3,1.0,False
4138033,3,3,3,5,12,1,12,0,0,2,6,4,2,2,6,4,2,2,0,2,1,1,2,2,2,2,2,1,9,9,9,9,9,2,1,1,2,1,2,1,1,9,2,1,2,2,2,2,2,2,2,2,2,2,3,2,2,0,0,1,0,0,0,1,0,1,2,1,3,3,0.75,True
5845688,1,9,9,1,9,1,9,0,0,1,1,1,1,1,1,1,1,1,1,1,1,1,2,2,2,2,2,1,9,9,9,9,9,2,1,2,2,1,2,2,1,9,2,1,1,1,0,0,0,0,0,0,0,0,0,2,9,0,0,0,0,0,0,0,0,0,2,2,3,2,1.0,True
7827920,2,16,16,3,13,5,13,0,0,1,1,1,1,1,1,1,1,1,1,1,1,1,2,1,1,2,2,1,9,1,1,9,9,2,1,1,2,2,2,2,1,9,1,2,9,1,0,0,0,0,0,0,0,0,0,1,9,6,0,6,0,0,0,0,1,0,2,1,3,2,1.0,False
4907474,3,1,0,5,3,0,2,0,1,2,1,1,1,1,0,0,0,0,0,0,1,2,2,1,2,2,2,9,9,1,9,9,9,2,1,1,2,2,1,2,2,1,1,1,2,3,0,0,0,0,0,0,0,0,0,2,9,0,0,0,0,0,0,0,0,0,2,2,3,1,1.0,False
8871954,3,2,1,2,2,0,2,0,0,2,1,1,1,1,0,0,1,1,3,6,1,1,2,1,2,2,2,1,9,1,9,9,9,2,1,1,2,2,1,1,1,9,1,1,1,1,0,0,0,0,0,0,0,0,0,2,9,1,0,1,0,0,0,0,0,1,2,2,2,2,1.0,True
4808358,3,3,0,1,8,2,6,1,1,2,1,1,1,1,0,0,0,0,2,2,2,2,2,1,2,2,2,9,9,1,9,9,9,2,2,3,2,1,2,2,1,9,1,2,9,1,0,0,0,0,0,0,0,0,0,1,2,0,0,4,0,0,0,2,0,1,2,2,3,5,1.0,False
5836571,3,1,1,1,5,0,5,0,0,2,1,1,1,1,0,0,1,1,2,2,1,1,2,2,2,2,2,1,9,9,9,9,9,2,2,2,1,2,2,2,2,2,2,2,9,3,0,0,0,0,0,0,0,0,0,2,9,0,0,0,0,0,0,0,0,0,2,2,2,0,1.0,False
3424961,3,1,1,1,4,4,4,0,0,1,1,1,1,1,0,0,0,0,1,1,1,1,2,1,2,2,2,1,9,1,9,9,9,2,1,2,2,1,2,1,2,2,1,1,1,3,0,0,0,0,0,0,0,0,0,2,9,0,0,0,0,0,0,0,0,0,2,2,3,1,1.0,False
5449651,4,6,6,1,6,1,6,0,0,2,3,3,3,3,0,0,0,0,3,3,1,2,2,1,1,2,2,9,9,1,1,9,9,2,1,1,2,1,1,1,2,1,1,1,1,1,0,0,0,0,0,0,0,0,0,2,2,3,1,1,0,0,0,0,0,1,1,1,3,3,1.0,False
9802594,3,1,1,8,2,0,1,0,1,2,1,1,1,1,0,0,0,0,1,2,1,2,2,1,2,2,2,9,9,1,9,9,9,1,1,1,2,1,1,1,1,9,1,1,2,2,0,0,0,0,0,0,0,0,0,2,9,0,1,0,0,0,0,0,0,0,1,2,3,4,1.0,False
7950019,3,2,2,1,10,0,10,0,0,2,1,0,1,0,0,0,0,0,1,1,1,1,2,2,2,2,2,1,9,9,9,9,9,2,2,2,2,1,1,1,1,9,1,1,2,3,0,0,0,0,0,0,0,0,0,2,9,0,0,0,0,0,0,0,0,0,2,2,3,2,0.0,False
3455435,1,2,2,1,15,6,15,0,0,1,2,2,2,2,0,0,0,0,10,10,1,1,2,1,2,2,2,1,9,1,9,9,9,2,1,1,2,1,1,2,1,9,1,1,2,1,0,0,0,0,0,0,0,0,0,1,9,1,0,8,0,0,0,2,3,1,1,2,3,4,1.0,False
5923081,3,4,4,5,7,3,3,4,0,1,0,0,1,1,0,0,0,0,0,1,2,1,2,1,2,2,2,1,9,1,9,9,9,2,1,1,2,2,2,1,2,1,1,2,9,1,0,0,0,0,0,0,0,0,0,2,2,0,0,1,0,0,0,0,0,1,2,2,3,1,1.0,False
4007497,2,2,2,5,7,10,7,0,0,1,1,1,1,1,0,0,0,0,1,1,2,2,1,1,2,2,2,9,1,1,9,9,9,1,1,1,2,1,1,1,1,9,1,2,9,3,0,0,0,0,0,0,0,0,0,1,9,1,0,2,0,0,0,0,0,1,2,1,3,3,1.0,False
1868076,2,1,1,5,10,12,10,0,0,1,1,1,1,1,0,0,0,0,0,0,1,2,2,1,2,2,2,9,9,1,9,9,9,2,1,1,2,1,2,2,1,9,1,2,9,1,0,0,0,0,0,0,0,0,0,1,9,0,0,3,0,0,0,0,0,0,2,2,1,3,1.0,False
7605490,3,1,1,1,2,1,0,0,2,2,1,1,1,1,0,0,0,0,0,0,1,2,2,1,2,2,2,9,9,1,9,9,9,2,1,1,2,2,2,1,1,9,1,1,1,2,0,0,0,0,0,0,0,0,0,2,9,0,0,2,0,0,0,2,1,0,1,2,1,3,1.0,False
9309920,1,18,18,1,11,11,11,0,0,1,2,2,2,2,0,0,0,0,2,2,1,1,2,2,2,2,2,1,9,9,9,9,9,1,1,1,2,1,1,1,1,9,1,1,2,1,0,0,0,0,0,0,0,0,0,2,9,0,0,4,2,4,1,0,0,1,1,1,1,4,1.0,False
2609361,2,2,2,3,21,5,21,0,0,1,4,4,4,4,2,2,2,2,12,8,1,2,1,1,1,2,1,2,1,1,1,2,1,1,1,1,2,1,1,1,1,2,1,1,1,1,1,1,1,1,1,4,4,4,0,9,2,1,0,21,5742,0,0,0,0,0,1,1,2,4,1.0,True
9492610,3,3,3,5,3,1,2,1,0,2,1,1,1,0,0,0,0,0,2,2,1,1,2,2,2,2,2,1,9,9,9,9,9,2,1,1,2,1,1,1,1,9,1,1,2,3,0,0,0,0,0,0,0,0,0,2,9,0,0,0,0,0,0,0,0,0,2,2,3,3,0.5,False
8557268,3,1,1,5,3,1,1,0,2,2,1,1,0,0,0,0,0,0,0,0,1,2,2,1,2,2,2,9,9,1,9,9,9,2,1,2,2,1,2,2,2,1,1,2,9,3,0,0,0,0,0,0,0,0,0,2,9,0,0,0,0,0,0,0,0,0,2,2,3,1,1.0,False
9828398,3,2,0,5,2,2,0,2,0,2,1,1,1,1,0,0,0,0,1,1,1,1,2,2,2,2,2,1,2,2,2,2,2,2,1,1,2,1,2,2,1,2,1,1,1,3,0,0,0,0,0,0,0,0,0,2,9,0,0,0,0,0,0,0,0,0,2,2,2,3,1.0,False
2159645,2,6,5,1,5,0,5,0,0,1,0,0,0,0,0,0,2,2,0,0,1,2,2,1,2,2,1,2,2,1,2,2,1,1,1,1,2,1,1,1,1,2,1,1,1,1,0,0,0,0,0,0,0,0,0,9,2,0,0,0,0,0,0,0,0,1,1,2,2,4,,True
8950113,2,3,3,1,58,10,58,0,0,1,9,9,11,11,0,0,0,0,12,12,1,2,2,1,1,2,2,9,9,1,1,9,9,2,1,1,2,1,2,1,1,9,2,1,2,1,1,1,1,1,4,4,4,4,1,1,9,0,0,83,0,40,1,33,33,3,1,2,1,4,1.0,False
3603251,1,2,2,1,11,1,11,0,0,2,2,2,2,2,2,2,2,2,2,2,1,1,2,2,2,2,2,1,9,9,9,9,9,1,2,1,2,1,1,2,2,2,2,2,9,1,0,0,0,0,0,0,0,0,0,2,9,0,0,0,0,0,0,0,0,0,2,2,1,2,1.0,False
1834254,3,2,2,1,8,10,0,4,4,1,1,1,3,3,0,0,0,0,6,7,2,1,2,2,2,2,2,1,9,9,9,9,9,1,1,1,2,1,1,2,2,2,1,1,2,1,0,0,0,0,0,0,0,0,0,2,2,0,2,0,0,0,0,0,0,0,1,2,3,3,1.0,False
5587244,1,1,0,5,8,0,0,0,8,2,1,1,1,1,0,0,0,0,1,1,1,1,2,2,2,2,2,1,2,2,2,2,2,2,1,2,2,2,2,2,2,2,1,2,2,3,0,0,0,0,0,0,0,0,0,2,9,0,0,0,0,0,0,0,0,0,2,2,3,0,1.0,False
9385289,1,4,4,1,4,1,4,0,0,1,1,1,1,1,0,0,0,0,0,0,1,1,1,1,2,2,2,1,1,1,9,9,9,2,1,1,1,1,2,2,2,1,2,2,9,3,0,0,0,0,0,0,0,0,0,2,9,1,0,0,0,0,1,0,0,1,1,2,3,3,1.0,False
8300646,3,1,1,5,2,2,2,0,0,2,1,1,1,1,1,1,1,1,1,1,1,1,2,2,2,2,2,1,9,9,9,9,9,2,1,1,2,2,2,2,2,2,1,1,2,3,0,0,0,0,0,0,0,0,0,2,9,0,0,0,0,0,0,0,0,0,1,2,2,2,1.0,True
5419593,3,3,3,1,5,1,5,0,0,1,1,1,1,1,0,0,0,0,1,1,1,2,2,1,1,2,1,9,9,1,1,9,1,1,1,1,2,1,1,1,2,1,1,1,2,1,0,0,0,0,0,0,0,0,0,1,9,0,1,1,0,0,0,0,0,0,1,2,3,3,1.0,False
9502614,3,1,1,1,6,2,0,0,6,1,2,2,2,2,1,1,0,0,0,0,1,1,2,1,2,2,2,1,9,1,9,9,9,1,1,1,2,1,2,1,2,2,1,1,2,1,0,0,0,0,0,0,0,0,0,2,9,0,0,0,0,0,0,1,0,0,1,1,3,3,1.0,True
4290035,3,1,1,5,2,1,0,0,2,1,1,1,1,1,0,0,0,0,2,2,1,1,2,2,2,2,2,2,9,9,9,9,9,1,1,1,2,1,2,1,1,9,1,1,2,3,0,0,0,0,0,0,0,0,0,2,9,0,1,0,0,0,0,0,0,0,2,2,3,3,1.0,False
1579868,3,1,1,1,3,2,0,3,0,1,1,1,1,1,0,0,0,0,1,1,1,1,2,1,2,2,2,1,9,1,9,9,9,2,1,1,2,1,1,1,1,9,1,1,1,3,0,0,0,0,0,0,0,0,0,2,9,0,0,0,0,0,0,0,0,0,2,2,3,3,1.0,False
6896334,2,1,1,1,10,3,10,0,0,1,5,5,5,5,0,0,0,0,1,1,1,1,2,1,2,2,2,1,9,1,9,9,9,1,2,1,2,1,2,2,1,9,1,2,9,1,0,0,0,0,0,0,0,0,0,1,9,2,0,18,0,1,1,0,1,1,1,1,3,4,1.0,False
8655096,3,1,0,5,6,1,0,6,0,2,1,1,1,1,0,0,0,0,1,1,1,2,2,2,1,2,2,9,9,9,1,9,9,2,1,1,2,1,2,1,2,2,1,2,9,1,0,0,0,0,0,0,0,0,0,2,9,0,0,0,0,0,0,0,0,0,2,2,3,2,1.0,False
6196880,3,1,1,1,2,0,2,0,0,2,1,1,1,1,0,0,0,0,0,0,1,1,2,2,2,2,2,1,9,9,9,9,9,2,1,1,2,1,2,2,1,9,1,1,1,3,0,0,0,0,0,0,0,0,0,2,9,0,0,0,0,0,0,0,0,0,1,2,3,4,1.0,False
9992758,3,10,10,5,10,2,9,1,0,1,2,2,2,2,0,0,0,0,1,2,2,1,2,1,2,2,2,2,9,1,9,9,9,2,1,1,2,1,2,1,1,9,1,1,1,3,0,0,0,0,0,0,0,0,0,2,2,0,1,0,0,0,0,0,1,0,1,2,3,4,1.0,False
7356960,2,1,1,1,27,12,27,0,0,1,0,0,59,59,0,0,1,1,0,2,1,1,2,1,2,2,2,1,9,1,9,9,9,1,1,1,1,1,1,1,1,9,2,2,9,1,0,0,0,0,0,0,0,0,0,1,1,2,0,5,0,0,1,0,1,1,1,2,2,4,1.0,False
1917767,3,3,3,1,3,5,3,0,0,1,0,0,3,3,0,0,0,0,0,0,1,2,2,1,2,2,2,9,9,1,9,9,9,2,1,1,2,1,1,1,2,2,1,1,1,1,0,0,0,0,0,0,0,0,0,2,2,0,0,1,0,0,0,0,0,1,1,2,3,3,1.0,False
6028904,3,1,1,5,1,0,0,0,1,2,1,0,1,0,0,0,0,0,0,0,2,1,2,2,2,2,2,1,9,9,9,9,9,2,1,1,2,1,1,1,1,9,1,1,2,3,0,0,0,0,0,0,0,0,0,2,9,0,0,0,0,0,0,0,0,0,2,2,3,3,0.0,False
2294123,1,2,2,1,45,6,45,0,0,1,6,6,6,6,2,2,2,2,6,6,1,1,1,1,2,2,1,2,2,1,9,9,2,3,1,1,2,1,1,1,1,9,1,1,1,1,1,1,1,1,1,1,3,1,3,1,9,2,1,15,0,4,1,2,1,1,1,2,2,4,1.0,True
9836189,1,1,1,5,7,2,7,0,0,1,1,1,1,1,0,0,0,0,1,1,1,1,2,2,2,2,2,1,9,9,9,9,9,2,2,2,2,2,2,2,1,9,2,1,2,1,0,0,0,0,0,0,0,0,0,2,9,0,0,0,0,0,0,0,0,0,2,2,3,1,1.0,False
1124241,3,5,5,1,5,5,5,0,0,1,2,2,2,2,2,2,2,2,2,2,1,1,2,1,1,2,2,1,9,1,1,9,9,2,1,1,2,1,1,1,1,9,2,1,1,1,0,0,0,0,0,0,0,0,0,2,9,0,0,0,0,0,0,0,0,0,2,2,3,3,1.0,True
7323349,2,1,1,3,3,2,3,0,0,1,1,1,1,1,0,0,0,0,2,2,1,2,2,1,2,2,2,9,9,1,9,9,9,1,1,1,2,1,2,2,1,9,1,1,2,1,0,0,0,0,0,0,0,0,0,2,2,0,0,7,0,0,0,0,1,2,2,2,3,3,1.0,False
4923188,3,4,4,1,5,1,4,0,1,2,1,1,1,1,0,0,0,0,1,1,1,2,2,1,2,2,2,9,9,1,9,9,9,2,1,1,2,1,1,1,1,9,1,1,2,2,0,0,0,0,0,0,0,0,0,2,2,0,1,0,0,0,0,0,0,0,2,2,3,3,1.0,False
3158758,1,1,1,1,9,5,9,0,0,1,2,2,2,2,0,0,0,0,2,2,1,2,2,1,2,2,2,9,9,1,9,9,9,2,1,1,2,1,1,1,1,9,1,2,9,1,0,0,0,0,0,0,0,0,0,2,9,0,0,0,0,0,0,0,0,0,1,2,3,4,1.0,False
6339122,1,1,1,1,10,0,10,0,0,2,5,0,5,0,0,0,0,0,0,0,1,1,1,1,2,2,1,1,1,1,9,9,1,1,1,1,2,1,1,1,1,9,1,1,1,1,0,0,0,0,0,0,0,0,0,1,9,1,0,2,0,0,1,2,2,1,1,1,1,4,0.0,False
7195435,1,1,1,1,8,3,8,0,0,1,1,1,1,1,0,0,0,0,1,1,1,2,2,1,2,2,2,9,9,1,9,9,9,1,1,1,2,2,1,1,1,9,1,2,9,1,0,0,0,0,0,0,0,0,0,2,9,0,0,0,0,0,0,0,0,0,2,2,2,2,1.0,False
8923713,3,2,2,1,2,0,2,0,0,1,1,1,1,1,0,0,0,0,0,1,1,1,2,2,2,2,2,1,2,2,2,2,2,2,1,1,2,1,2,2,2,1,1,1,1,1,0,0,0,0,0,0,0,0,0,2,9,0,0,0,0,0,0,0,0,0,2,2,3,2,1.0,False
3487808,1,1,1,7,12,12,12,0,0,1,2,2,2,2,0,0,0,0,6,6,1,2,1,2,1,1,1,9,1,9,1,1,1,1,1,1,2,2,1,2,1,9,2,1,2,1,0,0,0,0,0,0,0,0,0,1,9,1,0,2,0,0,1,0,1,2,1,2,3,3,1.0,False
7017574,3,4,4,1,4,2,3,1,0,1,0,0,1,1,1,1,0,0,1,1,1,1,2,1,2,2,2,1,9,1,9,9,9,2,1,1,2,1,1,1,1,9,1,1,1,2,0,0,0,0,0,0,0,0,0,2,2,0,0,0,0,0,0,0,0,0,1,2,3,4,1.0,True
7899489,3,2,2,1,11,7,6,4,1,1,2,2,2,2,0,0,0,0,2,2,1,1,2,1,2,2,2,1,9,1,9,9,9,2,1,1,1,1,1,1,1,9,1,1,1,1,3,3,3,3,3,3,3,3,1,1,2,0,0,12,0,0,0,7,7,2,1,1,3,4,1.0,False
5199453,3,2,2,1,2,0,2,0,0,2,1,1,0,0,0,0,0,0,3,0,2,2,2,1,2,2,2,9,9,1,9,9,9,1,1,1,2,1,1,1,1,9,1,1,2,3,0,0,0,0,0,0,0,0,0,2,9,0,1,0,0,0,0,0,0,0,1,2,3,4,1.0,False
5819598,3,2,2,1,12,3,12,0,0,1,14,14,0,0,0,0,0,0,0,0,1,2,2,1,2,2,2,9,9,1,9,9,9,2,1,1,2,1,2,2,1,9,1,1,1,3,3,3,3,3,3,3,3,3,4,2,2,0,8,1,0,0,0,0,0,0,2,2,3,3,1.0,False
8974613,3,7,7,1,7,0,7,0,0,2,1,1,1,1,0,0,0,0,1,1,1,1,2,2,2,2,2,1,9,9,9,9,9,1,1,1,2,2,2,1,1,9,1,1,1,3,0,0,0,0,0,0,0,0,0,2,9,0,0,0,0,0,0,0,0,0,2,2,3,2,1.0,False
5980683,1,2,0,5,2,0,0,0,2,2,1,0,1,0,0,0,0,0,1,1,2,2,2,1,2,2,2,9,9,2,9,9,9,2,2,2,2,1,1,2,2,1,2,2,9,3,0,0,0,0,0,0,0,0,0,2,9,0,0,0,0,0,0,0,0,0,2,2,2,1,0.0,False
1515067,3,1,1,1,5,2,5,0,0,1,2,2,2,2,0,0,0,0,2,2,1,2,2,1,1,2,1,2,2,1,1,2,1,2,1,1,2,1,1,1,1,2,1,1,1,1,0,0,0,0,0,0,0,0,0,2,9,0,0,0,0,0,0,0,0,0,2,2,2,3,1.0,False
4585790,1,9,9,1,9,9,9,0,0,1,1,1,1,1,0,0,0,0,1,1,1,1,2,2,2,2,2,1,9,9,9,9,9,2,1,1,2,1,1,2,1,9,1,2,9,2,0,0,0,0,0,0,0,0,0,2,9,0,0,1,0,0,0,0,0,0,2,2,3,3,1.0,False
7926164,3,1,1,1,4,0,0,0,4,2,1,1,1,1,0,0,0,0,2,2,2,2,2,1,2,2,2,9,9,1,9,9,9,2,1,3,2,1,2,2,1,9,2,1,2,3,0,0,0,0,0,0,0,0,0,2,2,0,0,0,0,0,0,0,0,0,2,2,3,5,1.0,False
5444885,3,0,0,5,0,0,0,0,0,2,1,1,1,1,1,1,1,1,1,1,2,1,2,2,2,2,2,1,9,9,9,9,9,2,2,2,2,2,2,2,2,2,2,2,9,1,0,0,0,0,0,0,0,0,0,2,9,0,0,0,0,0,0,0,0,0,2,2,3,0,1.0,False
7412123,3,2,2,5,5,1,5,0,0,1,2,2,2,2,0,0,0,0,1,1,1,1,2,2,2,2,2,1,9,9,9,9,9,2,1,1,2,1,2,2,1,9,1,1,2,2,0,0,0,0,0,0,0,0,0,2,2,0,1,0,0,0,0,0,0,0,1,2,3,4,1.0,False
7366253,3,1,0,5,5,5,0,0,5,2,1,1,1,1,0,0,0,0,0,0,1,1,2,2,2,2,2,1,9,9,9,9,9,2,1,2,2,2,2,1,2,2,1,1,2,1,0,0,0,0,0,0,0,0,0,2,9,0,0,0,0,0,0,0,0,0,1,2,3,1,1.0,False
2341574,3,2,2,1,7,2,0,5,2,2,1,1,1,1,0,0,0,0,1,1,2,1,2,2,2,2,2,1,9,9,9,9,9,2,1,1,2,1,2,2,1,9,1,1,2,2,0,0,0,0,0,0,0,0,0,2,9,0,1,0,0,0,0,0,0,0,2,2,3,3,1.0,False
2681545,3,6,4,1,4,6,2,2,0,2,2,0,2,2,0,0,0,0,2,2,1,2,1,1,2,2,2,9,2,1,9,9,9,2,1,1,1,1,2,1,2,2,1,1,1,1,0,0,0,0,0,0,0,0,0,2,2,0,0,0,0,0,0,0,0,0,2,2,3,2,0.5,False
3675500,1,2,1,3,7,1,5,0,2,1,1,1,0,0,0,0,1,1,0,1,1,1,2,2,2,2,2,1,9,9,9,9,9,2,1,1,2,1,1,2,2,1,1,2,9,2,0,0,0,0,0,0,0,0,0,2,9,0,0,0,0,0,0,0,0,0,2,2,3,2,1.0,False
1456737,3,2,2,1,2,1,2,0,0,1,1,1,1,1,0,0,0,0,1,1,1,1,2,2,1,2,2,1,9,9,1,9,9,2,1,1,2,1,2,1,2,2,1,1,2,1,0,0,0,0,0,0,0,0,0,2,9,0,1,1,0,0,0,0,0,1,1,1,3,3,1.0,False
4505934,3,2,2,2,6,1,0,3,3,1,2,2,1,1,1,1,0,0,3,2,1,1,2,2,2,2,2,1,9,9,9,9,9,2,1,1,2,1,2,1,1,9,1,2,9,3,0,0,0,0,0,0,0,0,0,2,2,0,0,0,0,0,0,0,0,0,2,2,3,3,1.0,False
4376167,3,1,1,1,4,4,2,2,0,2,1,1,1,1,0,0,0,0,0,0,2,1,2,2,2,2,2,1,9,9,9,9,9,2,2,1,2,1,2,2,2,2,2,2,9,3,0,0,0,0,0,0,0,0,0,2,9,0,0,0,0,0,0,0,0,0,2,2,2,2,1.0,False
9290444,3,6,6,1,6,6,6,0,0,2,1,1,1,1,1,1,0,0,1,1,1,1,2,2,2,2,2,1,9,9,9,9,9,1,1,1,2,1,1,1,2,1,1,1,1,2,0,0,0,0,0,0,0,0,0,2,9,0,3,0,0,0,0,0,0,0,1,2,3,3,1.0,True
5089169,2,1,1,1,6,2,6,0,0,1,1,1,1,1,0,0,0,0,1,1,1,2,2,1,2,2,2,9,9,1,9,9,9,2,2,1,2,1,2,2,1,9,2,2,9,1,0,0,0,0,0,0,0,0,0,1,9,0,0,4,0,0,0,0,0,1,1,2,3,4,1.0,False
4284505,1,6,6,1,6,2,6,0,0,1,3,3,3,3,0,0,0,0,3,3,1,1,2,2,2,2,2,1,9,9,9,9,9,3,1,1,1,2,2,2,2,2,2,1,2,1,0,0,0,0,0,0,0,0,0,2,9,0,0,0,0,0,0,0,0,0,2,2,3,1,1.0,False
9872118,3,3,3,7,5,6,5,0,0,1,1,1,1,1,0,0,1,1,2,2,1,1,2,1,2,2,2,1,9,1,9,9,9,2,1,1,2,1,1,1,1,9,1,1,1,3,0,0,0,0,0,0,0,0,0,2,2,0,0,0,0,0,0,0,0,0,1,2,3,4,1.0,True
4012326,3,9,9,1,9,1,9,0,0,2,3,3,2,2,0,0,0,0,1,1,1,1,2,1,2,2,2,1,9,1,9,9,9,2,1,1,2,1,2,1,1,9,1,1,1,2,0,0,0,0,0,0,0,0,0,2,2,0,0,0,0,0,0,0,1,0,2,2,3,3,1.0,False
2070041,3,2,2,1,5,0,5,0,0,2,1,1,1,1,0,0,0,0,1,1,1,2,2,1,2,2,1,9,9,1,9,9,1,1,1,1,2,1,1,1,1,9,1,1,1,2,0,0,0,0,0,0,0,0,0,2,9,0,1,0,0,0,0,0,0,0,1,2,1,4,1.0,False
3344592,1,4,4,7,9,9,9,0,0,1,2,2,2,2,0,0,0,0,0,0,2,2,2,1,2,2,2,9,9,1,9,9,9,1,1,1,2,1,1,1,2,2,1,1,1,2,0,0,0,0,0,0,0,0,0,2,9,0,0,1,0,0,0,0,0,0,1,2,3,3,1.0,False
3315543,3,2,2,5,9,0,9,0,0,2,1,1,1,1,0,0,0,0,1,1,2,1,2,2,2,2,2,1,9,9,9,9,9,2,2,1,2,2,1,2,2,1,1,2,9,3,0,0,0,0,0,0,0,0,0,2,2,0,0,0,0,0,0,0,0,0,2,2,3,1,1.0,False
9917132,3,2,2,1,7,2,7,0,0,2,2,2,1,1,0,0,1,1,0,0,1,1,1,1,2,2,2,1,1,1,9,9,9,1,1,1,1,1,1,1,1,9,1,1,1,1,0,0,0,0,0,0,0,0,0,1,9,0,7,5,150,0,0,0,1,1,1,2,2,4,1.0,True
5507938,1,1,1,1,6,6,6,0,0,1,3,3,3,3,0,0,0,0,3,3,1,1,2,2,2,2,2,1,9,9,9,9,9,2,1,2,1,1,2,2,1,9,2,1,2,1,0,0,0,0,0,0,0,0,0,2,9,1,0,1,0,0,0,0,0,1,1,2,3,3,1.0,False
7785837,3,1,1,5,6,1,6,0,0,2,1,1,1,1,0,0,1,1,1,1,1,1,2,1,2,1,1,1,2,1,2,1,1,2,1,1,2,1,1,1,1,2,1,1,1,1,0,0,0,0,0,0,0,0,0,2,9,0,0,3,0,0,0,0,0,0,2,2,3,3,1.0,True
6263095,3,2,2,1,3,1,3,0,0,2,1,1,1,1,1,1,1,1,1,1,1,1,2,1,2,2,2,1,9,1,9,9,9,1,1,1,2,1,1,1,1,9,1,1,1,1,0,0,0,0,0,0,0,0,0,2,2,0,1,2,0,0,0,0,0,0,1,2,2,4,1.0,True
9353745,3,3,3,1,4,1,3,1,0,2,1,1,1,1,1,1,0,0,0,1,1,1,2,2,2,2,2,1,9,9,9,9,9,1,1,1,2,1,1,1,2,1,1,1,1,2,0,0,0,0,0,0,0,0,0,1,1,0,0,0,0,0,0,3,3,0,2,2,2,2,1.0,True
3597960,3,1,1,1,9,9,9,0,0,1,2,2,2,2,1,1,1,1,8,2,1,1,2,1,2,2,2,1,9,1,9,9,9,1,1,1,2,1,2,1,1,9,2,1,2,1,1,1,1,1,1,1,1,1,3,2,2,0,0,1,0,0,1,0,0,1,1,1,2,4,1.0,True
4824444,3,8,8,1,8,1,7,1,0,1,4,4,4,4,1,1,0,0,2,2,1,1,2,2,2,2,2,1,9,9,9,9,9,2,1,1,2,1,1,1,2,2,1,1,1,1,0,0,0,0,0,0,0,0,0,2,2,1,2,0,0,0,0,0,0,0,2,2,3,2,1.0,True
9630449,3,2,2,8,2,0,2,0,0,2,1,1,1,1,0,0,0,0,1,1,1,1,2,2,2,2,2,1,9,9,9,9,9,1,1,1,2,1,1,1,2,2,1,1,2,1,0,0,0,0,0,0,0,0,0,2,9,0,1,0,0,0,0,0,0,0,1,2,3,3,1.0,False
1926776,3,3,3,5,7,2,4,3,0,1,1,1,1,1,0,0,0,0,1,1,1,1,2,1,2,2,2,1,9,1,9,9,9,1,1,1,2,1,2,1,1,9,1,1,1,2,0,0,0,0,0,0,0,0,0,2,2,0,1,0,0,0,0,0,0,0,2,2,3,3,1.0,False
9756277,3,1,1,5,1,0,1,0,0,2,1,1,1,1,1,1,1,1,1,1,1,1,2,2,2,2,2,1,9,9,9,9,9,1,1,1,2,1,2,1,1,9,1,1,1,3,0,0,0,0,0,0,0,0,0,2,9,0,1,1,0,0,0,0,0,0,2,2,2,3,1.0,True
8059130,3,8,8,1,8,0,8,0,0,2,1,1,1,1,0,0,0,0,0,0,1,2,2,1,2,2,2,9,9,1,9,9,9,2,1,1,2,1,1,1,1,9,1,1,1,1,0,0,0,0,0,0,0,0,0,2,2,0,0,1,0,0,0,0,0,1,2,2,3,3,1.0,False
7052499,3,1,1,5,1,0,1,0,0,2,0,0,0,0,0,0,0,0,0,0,2,1,2,2,2,2,2,1,9,9,9,9,9,2,2,1,2,2,2,2,2,2,2,1,2,3,0,0,0,0,0,0,0,0,0,2,9,0,0,0,0,0,0,0,0,0,2,2,3,1,,False
9942357,3,3,2,7,5,3,3,2,0,1,1,1,1,1,1,1,1,1,1,1,1,1,2,1,2,2,2,1,9,1,9,9,9,1,1,1,1,1,1,1,1,9,1,1,1,2,0,0,0,0,0,0,0,0,0,1,1,0,0,2,0,0,0,0,0,0,1,2,3,4,1.0,True
9200489,3,1,1,1,7,2,3,2,2,1,1,1,1,1,1,1,1,1,2,2,1,1,2,2,1,2,2,2,9,9,1,9,9,1,1,1,2,1,2,2,1,9,2,1,1,3,0,0,0,0,0,0,0,0,0,2,2,0,0,6,0,0,0,2,0,1,2,1,3,3,1.0,True
8084443,1,6,6,1,6,0,6,0,0,2,2,2,2,2,0,0,0,0,0,0,2,1,2,2,2,2,2,1,9,9,9,9,9,2,2,1,3,2,2,2,2,2,2,2,9,3,0,0,0,0,0,0,0,0,0,2,9,0,0,0,0,0,0,0,0,0,2,2,3,1,1.0,False
6087883,3,3,3,5,5,5,5,0,0,1,2,2,3,3,0,0,0,0,0,0,1,2,2,1,2,2,2,9,9,1,9,9,9,1,1,1,2,1,2,1,1,9,1,1,9,2,0,0,0,0,0,0,0,0,0,2,2,0,0,0,0,0,0,0,0,0,1,2,3,4,1.0,False
1007043,3,8,8,1,10,1,9,0,1,1,4,4,4,4,0,0,0,0,3,3,1,1,2,1,2,2,2,1,9,1,9,9,9,2,1,1,2,1,1,1,1,9,1,1,1,2,0,0,0,0,0,0,0,0,0,2,2,0,0,0,0,0,0,1,0,0,2,2,3,3,1.0,False
8688655,3,3,3,1,7,2,1,5,1,1,2,2,2,2,0,0,0,0,1,1,1,1,2,1,2,2,2,1,9,1,9,9,9,1,1,1,1,1,1,1,1,9,1,1,1,1,0,0,0,0,0,0,0,0,0,2,2,0,0,0,0,0,0,1,0,0,2,2,3,3,1.0,False
7628094,1,1,1,1,7,1,7,0,0,1,2,2,2,2,0,0,0,0,2,2,1,1,2,2,2,2,2,1,9,9,9,9,9,2,1,1,2,1,2,2,1,9,1,1,1,1,0,0,0,0,0,0,0,0,0,2,9,0,0,0,0,0,0,0,0,0,2,2,3,3,1.0,False
7486522,1,12,12,1,12,3,12,0,0,1,1,1,1,1,0,0,0,0,9,6,1,1,2,1,2,2,2,1,9,1,9,9,9,1,2,1,2,2,2,2,2,1,1,2,9,1,0,0,0,0,0,0,0,0,0,1,9,1,1,12,0,2,0,0,1,2,1,2,3,2,1.0,False
2920797,3,1,1,1,3,1,1,0,2,1,1,1,1,1,0,0,0,0,3,2,1,1,2,2,2,2,2,1,9,9,9,9,9,2,1,1,2,1,1,2,2,2,1,1,1,2,0,0,0,0,0,0,0,0,0,2,9,0,0,0,0,0,0,0,0,0,2,2,3,2,1.0,False
5197168,1,8,8,1,8,6,8,0,0,1,3,3,3,3,0,0,0,0,3,3,1,1,1,2,2,2,2,1,1,9,9,9,9,2,1,1,2,1,1,1,1,9,2,1,2,1,0,0,0,0,0,0,0,0,0,2,2,0,0,0,0,0,0,0,0,0,2,2,3,3,1.0,False
1926722,3,2,2,1,4,0,4,0,0,2,2,2,2,2,0,0,0,0,2,2,1,1,2,1,2,2,2,1,9,1,9,9,9,1,1,1,2,1,1,1,1,9,1,1,1,1,0,0,0,0,0,0,0,0,0,2,9,0,2,0,0,0,0,0,0,0,1,2,3,4,1.0,False
5975821,3,1,0,5,4,0,0,0,4,2,0,0,0,0,0,0,0,0,0,0,2,9,9,9,9,9,9,9,9,9,9,9,9,2,2,2,2,2,2,2,2,2,1,2,9,2,0,0,0,0,0,0,0,0,0,2,9,0,0,0,0,0,0,0,0,0,2,2,3,0,,False
7594643,3,1,1,5,3,2,2,1,0,2,1,0,1,0,0,0,0,0,0,0,1,1,2,2,2,2,2,1,9,9,9,9,9,2,1,1,2,1,2,1,1,9,1,1,2,3,0,0,0,0,0,0,0,0,0,2,9,0,0,0,0,0,0,0,0,0,2,2,3,3,0.0,False
1158473,3,1,1,1,3,1,0,1,2,1,1,1,1,1,0,0,0,0,1,1,1,2,2,1,1,2,2,9,9,1,1,9,9,1,1,1,2,1,1,1,1,9,1,1,1,3,0,0,0,0,0,0,0,0,0,2,9,0,0,0,0,0,0,0,0,0,1,2,3,4,1.0,False
8995092,3,3,2,7,7,1,4,3,0,2,3,3,5,5,1,1,0,0,3,3,1,2,1,1,2,2,2,9,1,1,9,9,9,2,1,1,2,1,1,1,1,9,1,1,1,1,0,0,0,0,0,0,0,0,0,2,2,1,0,2,0,0,0,0,1,1,2,1,2,3,1.0,True
8722112,3,1,1,7,2,0,2,0,0,2,1,0,1,0,0,0,0,0,3,3,1,1,2,1,2,2,2,2,9,1,9,9,9,2,1,1,2,1,2,2,2,2,1,1,1,3,0,0,0,0,0,0,0,0,0,2,9,0,0,0,0,0,0,0,0,0,2,2,3,2,0.0,False
9515344,3,5,2,1,5,0,5,0,0,2,1,1,1,1,0,0,0,0,2,2,1,2,1,2,1,2,2,9,1,9,1,9,9,1,1,1,3,1,1,1,1,9,1,1,1,2,0,0,0,0,0,0,0,0,0,2,9,0,0,1,0,0,0,0,1,1,2,2,3,3,1.0,False
7109771,3,1,1,1,5,3,4,1,0,1,2,2,2,2,1,1,1,1,2,2,1,2,2,1,2,2,2,9,9,1,9,9,9,2,1,1,2,1,2,2,1,9,1,1,1,1,0,0,0,0,0,0,0,0,0,1,2,2,0,7,75,1,1,1,2,2,1,1,2,4,1.0,True
9684309,1,2,2,1,17,22,17,0,0,1,2,2,2,2,1,1,1,1,7,4,1,2,2,1,1,2,2,9,9,1,1,9,9,2,1,1,2,1,2,2,1,9,1,1,2,1,1,1,1,4,4,1,4,4,3,2,9,0,0,3,0,0,0,0,0,1,1,2,3,4,1.0,True
5635280,3,2,2,1,4,0,4,0,0,2,1,1,1,1,0,0,0,0,2,1,1,2,2,1,2,2,2,9,9,1,9,9,9,2,1,1,2,1,2,2,1,9,2,2,9,1,0,0,0,0,0,0,0,0,0,2,2,0,1,0,0,0,0,0,0,0,2,2,2,3,1.0,False
1936601,3,4,4,1,7,2,7,0,0,1,2,2,2,2,0,0,0,0,5,3,1,1,2,1,2,2,2,1,9,1,9,9,9,1,1,1,2,1,1,1,1,9,1,1,2,2,0,0,0,0,0,0,0,0,0,2,2,0,0,0,0,0,0,0,0,0,1,1,3,4,1.0,False
5420284,3,1,1,2,2,1,0,0,2,1,1,1,1,1,0,0,0,0,1,1,1,2,2,2,2,1,2,9,9,9,9,1,9,1,1,1,3,2,2,1,1,9,2,2,9,3,0,0,0,0,0,0,0,0,0,2,9,0,0,0,0,0,0,0,0,0,2,2,3,2,1.0,False
4232899,3,3,3,7,8,5,3,3,2,1,2,2,3,3,1,1,1,1,3,5,1,1,2,1,2,2,2,1,9,1,9,9,9,1,1,1,2,1,2,2,1,9,1,1,1,2,0,0,0,0,0,0,0,0,0,1,1,0,0,15,529,0,0,3,2,1,1,2,3,4,1.0,True
3872989,3,1,1,5,5,0,5,0,0,2,1,1,1,1,0,0,0,0,1,1,1,1,2,2,2,2,2,1,9,9,9,9,9,2,2,1,2,2,2,2,2,2,2,2,9,3,0,0,0,0,0,0,0,0,0,2,9,0,0,0,0,0,0,0,0,0,2,2,3,1,1.0,False
7278866,1,1,1,1,12,5,12,0,0,1,2,2,2,2,1,1,1,1,6,6,1,2,2,1,2,2,2,9,9,1,9,9,9,1,1,1,2,1,2,1,1,9,1,1,2,1,0,0,0,0,0,0,0,0,0,1,9,1,0,10,200,0,1,0,1,2,1,2,2,4,1.0,True
7812427,1,5,5,1,5,4,5,0,0,1,3,3,3,3,3,3,3,3,1,1,1,1,2,2,1,2,2,1,9,9,1,9,9,2,1,1,2,1,2,1,1,9,1,2,9,1,0,0,0,0,0,0,0,0,0,1,9,0,0,0,0,0,0,0,0,0,1,2,3,4,1.0,False
4852783,1,1,1,1,3,0,3,0,0,2,1,1,1,1,0,0,0,0,0,0,1,1,9,9,9,9,9,1,9,9,9,9,9,2,2,3,2,2,2,2,2,2,2,2,9,3,0,0,0,0,0,0,0,0,0,2,9,0,0,0,0,0,0,0,0,0,2,2,2,3,1.0,False
8593102,3,3,3,1,2,1,2,0,0,2,1,1,1,1,1,0,1,0,3,4,2,1,2,2,2,2,2,1,9,9,9,9,9,2,2,1,3,1,2,1,1,9,1,1,1,1,0,0,0,0,0,0,0,0,0,2,9,0,0,1,0,0,0,0,0,0,2,2,3,3,1.0,False
7101008,2,1,1,1,26,0,26,0,0,1,6,6,7,7,2,1,2,1,6,21,1,2,2,1,2,2,1,2,2,1,2,2,1,1,1,1,2,1,1,1,2,1,1,1,1,1,0,0,0,0,0,0,0,0,0,9,2,0,0,1,0,0,0,0,0,0,1,2,2,3,1.0,True
8682117,2,2,2,1,14,10,14,0,0,1,10,10,8,8,0,0,0,0,10,8,1,1,2,2,2,2,2,1,9,9,9,9,9,2,1,1,2,1,2,2,1,9,2,2,9,1,0,0,0,0,0,0,0,0,0,1,9,0,0,10,0,1,0,1,1,2,2,1,3,3,1.0,False
2348600,2,1,1,1,7,3,7,0,0,1,4,4,4,4,0,0,0,0,4,4,1,1,2,1,1,2,2,1,9,1,1,9,9,2,1,1,2,1,1,2,1,9,1,2,9,3,0,0,0,0,0,0,0,0,0,2,2,0,0,0,0,0,0,0,0,0,1,2,2,4,1.0,False
9632898,3,2,2,3,2,0,2,0,0,2,1,1,1,1,1,1,1,1,0,0,2,1,2,2,2,2,2,1,9,9,9,9,9,2,2,2,2,1,1,2,1,9,1,1,1,3,0,0,0,0,0,0,0,0,0,2,9,0,0,0,0,0,0,0,0,0,1,2,3,3,1.0,True
1683269,1,2,2,1,8,8,8,0,0,1,2,2,2,2,2,2,2,2,5,5,1,2,2,1,2,2,2,9,9,1,9,9,9,1,1,1,2,1,2,2,1,9,1,1,1,1,3,3,3,3,3,3,3,3,4,2,9,0,2,0,0,0,0,0,1,0,1,2,1,4,1.0,True
3044374,3,2,1,1,4,1,3,1,0,2,1,1,1,1,1,1,0,0,2,2,1,1,2,2,2,2,2,1,2,2,2,2,2,2,1,1,2,2,1,1,1,2,1,1,2,1,0,0,0,0,0,0,0,0,0,2,9,0,0,0,0,0,0,0,0,0,2,2,2,2,1.0,True
1334840,3,2,2,5,6,0,0,3,3,2,0,0,1,1,0,0,0,0,0,2,1,1,2,2,2,2,2,1,9,9,9,9,9,2,1,1,2,1,1,2,2,2,2,2,9,2,0,0,0,0,0,0,0,0,0,2,2,0,0,0,0,0,0,0,0,0,2,2,3,2,1.0,False
5528455,3,6,5,1,6,0,5,0,1,2,1,1,1,1,0,0,0,0,1,1,1,1,2,2,2,2,2,1,9,9,9,9,9,2,1,1,2,1,1,2,2,2,1,1,1,1,0,0,0,0,0,0,0,0,0,2,2,3,1,2,0,0,0,2,0,1,1,1,2,3,1.0,False
9912538,1,1,1,5,4,7,4,0,0,1,2,2,1,1,0,0,0,0,2,2,1,2,2,2,2,2,1,9,9,9,9,9,1,2,1,1,2,1,2,1,1,9,1,1,1,1,1,1,1,1,1,1,3,3,3,2,9,1,0,0,0,0,1,0,0,1,1,2,1,4,1.0,False
6563887,3,3,3,5,5,0,5,0,0,2,1,1,1,1,0,0,0,0,2,3,1,1,2,2,2,2,2,1,9,9,9,9,9,2,1,1,2,1,1,2,2,2,2,1,2,2,0,0,0,0,0,0,0,0,0,2,9,0,0,0,0,0,0,0,0,0,2,2,3,2,1.0,False
3829222,1,1,1,1,5,2,5,0,0,1,1,1,1,1,0,0,0,0,2,2,1,1,2,2,2,2,2,1,9,9,9,9,9,2,1,1,2,2,2,2,1,9,1,2,9,1,0,0,0,0,0,0,0,0,0,1,9,1,0,3,0,0,0,0,0,0,1,1,3,3,1.0,False
1423418,2,2,2,1,7,3,7,0,0,1,1,1,1,1,1,1,1,1,2,2,1,2,2,1,1,2,1,9,9,1,1,9,1,1,1,1,2,1,1,1,1,9,1,1,2,1,0,0,0,0,0,0,0,0,0,1,9,1,0,2,0,0,0,0,0,1,1,1,3,4,1.0,True
4831340,1,1,0,3,3,5,3,0,0,1,1,1,1,1,0,0,0,0,6,6,1,2,2,1,2,2,2,9,9,1,9,9,9,2,2,1,2,1,2,2,1,9,1,1,1,1,0,0,0,0,0,0,0,0,0,2,9,0,0,1,0,0,0,0,0,1,1,2,2,4,1.0,False
8869931,1,1,1,1,3,1,3,0,0,2,1,1,1,1,0,0,0,0,0,0,2,1,2,1,2,2,2,1,9,1,9,9,9,2,1,1,2,1,2,2,1,9,2,1,2,1,0,0,0,0,0,0,0,0,0,2,9,0,0,0,0,0,0,0,0,0,2,2,3,3,1.0,False
1558155,3,2,2,2,8,0,6,1,1,2,2,2,2,2,1,1,0,0,2,2,1,1,2,2,2,2,2,1,9,9,9,9,9,2,1,1,2,1,2,1,1,9,1,1,2,2,0,0,0,0,0,0,0,0,0,2,2,0,0,0,0,0,0,0,1,0,2,2,3,3,1.0,True
8433129,3,1,1,1,2,3,2,0,0,2,1,1,1,1,0,0,0,0,1,1,1,1,2,2,2,2,2,1,9,9,9,9,9,2,1,2,2,1,1,1,1,9,2,1,1,3,0,0,0,0,0,0,0,0,0,2,9,0,0,0,0,0,0,0,0,0,1,2,3,3,1.0,False
1316020,1,8,8,1,8,1,8,0,0,1,1,1,1,1,1,1,1,1,1,1,1,1,1,1,2,2,2,1,2,1,9,9,9,2,2,1,2,2,2,2,1,9,1,1,1,1,0,0,0,0,0,0,0,0,0,2,9,0,0,1,0,0,0,0,0,0,1,1,1,3,1.0,True
3732798,3,2,2,5,2,0,2,0,0,2,1,1,1,1,0,0,0,0,1,1,1,1,2,2,2,2,2,1,9,9,9,9,9,2,2,2,2,1,1,1,1,9,1,1,1,3,0,0,0,0,0,0,0,0,0,2,9,0,1,0,0,0,0,0,0,0,1,2,3,3,1.0,False
5950214,3,1,1,1,5,3,4,0,1,2,1,1,1,1,0,0,0,0,1,3,1,1,2,2,2,2,2,1,2,2,2,2,2,2,1,1,2,2,1,2,2,2,1,1,1,2,0,0,0,0,0,0,0,0,0,2,9,0,0,0,0,0,0,0,0,0,2,2,3,1,1.0,False
5523549,3,2,2,5,2,4,2,0,0,1,1,1,2,2,1,1,0,0,3,2,1,2,2,1,2,2,2,9,9,1,9,9,9,2,1,1,2,1,1,1,2,1,1,1,1,1,4,4,4,4,4,4,4,4,1,1,1,0,0,15,0,0,0,2,2,3,1,2,3,3,1.0,True
5107217,1,1,1,1,5,1,5,0,0,1,1,1,1,1,0,0,0,0,2,2,1,1,2,1,2,2,2,1,9,1,9,9,9,2,1,2,2,1,2,2,1,9,2,1,2,1,0,0,0,0,0,0,0,0,0,2,9,1,0,0,0,0,0,0,0,0,1,2,3,3,1.0,False
7058061,2,2,2,1,22,7,22,0,0,1,3,3,14,14,1,1,1,1,4,15,1,2,2,1,1,2,2,9,9,1,1,9,9,2,1,1,2,1,1,1,1,9,2,2,9,1,0,0,0,0,0,0,0,0,0,1,9,2,0,13,0,0,0,0,0,1,1,1,3,4,1.0,False
4860336,3,1,1,5,2,0,2,0,0,2,1,1,1,1,0,0,0,0,1,1,1,1,2,2,2,2,2,1,9,9,9,9,9,2,1,1,2,1,2,1,1,9,1,1,1,3,0,0,0,0,0,0,0,0,0,2,9,0,0,0,0,0,0,0,0,0,1,2,3,4,1.0,False
3602446,3,2,2,5,7,0,7,0,0,2,1,1,1,1,0,0,0,0,1,1,2,1,2,2,2,2,2,1,9,9,9,9,9,2,2,1,2,2,2,2,2,2,2,2,9,2,0,0,0,0,0,0,0,0,0,2,2,0,0,0,0,0,0,0,0,0,2,2,3,1,1.0,False
9141620,1,1,1,1,7,7,7,0,0,1,1,1,1,1,0,0,0,0,1,1,1,1,2,1,2,2,2,1,9,1,9,9,9,2,1,1,2,2,1,2,2,1,2,1,1,2,0,0,0,0,0,0,0,0,0,2,9,0,0,1,0,0,0,0,0,0,2,2,1,1,1.0,False
5025256,3,4,3,2,8,5,6,1,1,1,2,2,2,2,1,1,1,1,4,6,1,1,2,1,2,2,2,1,9,1,9,9,9,1,1,1,2,1,1,1,1,9,1,1,1,2,0,0,0,0,0,0,0,0,0,1,1,2,3,0,18,0,0,0,1,1,1,1,2,4,1.0,True
8929655,3,2,2,7,5,2,3,2,0,1,1,1,1,1,1,1,0,0,2,2,1,2,2,1,2,2,2,9,9,1,9,9,9,2,1,1,2,1,2,1,1,9,1,1,1,1,0,0,0,0,0,0,0,0,0,2,2,0,0,1,0,0,0,0,0,0,2,2,3,3,1.0,True
5214844,3,2,1,3,2,2,0,0,2,1,1,1,1,1,1,1,1,1,1,1,1,1,2,1,2,2,2,1,9,1,9,9,9,2,1,1,2,1,2,2,1,9,1,1,1,2,0,0,0,0,0,0,0,0,0,2,9,0,0,0,0,0,0,0,0,0,2,2,2,3,1.0,True
3893526,3,2,0,5,3,0,3,0,0,2,1,1,1,1,0,0,0,0,1,1,2,1,2,2,2,2,2,1,9,9,9,9,9,2,1,1,2,1,1,2,2,2,1,1,1,1,0,0,0,0,0,0,0,0,0,2,9,0,1,0,0,0,0,0,0,0,2,2,3,2,1.0,False
7641933,3,1,1,1,5,1,2,1,2,2,2,2,2,2,0,0,0,0,5,4,1,2,2,1,2,2,1,2,2,1,2,2,1,2,1,1,2,1,1,1,1,2,1,1,2,2,0,0,0,0,0,0,0,0,0,2,9,0,0,0,0,0,0,0,0,0,2,2,2,3,1.0,False
4864190,3,3,3,1,11,6,7,4,0,2,1,1,1,1,0,0,0,0,3,1,1,1,2,1,2,2,2,1,9,1,9,9,9,1,1,1,2,1,1,1,1,9,1,1,1,2,4,4,4,4,4,2,4,4,1,1,1,1,0,12,0,8,0,1,0,3,1,1,3,4,1.0,False
5091129,3,2,0,7,2,2,0,0,2,2,1,1,1,1,0,0,0,0,1,1,1,1,2,1,2,2,2,1,9,1,9,9,9,2,1,1,2,1,2,2,1,9,1,1,2,3,0,0,0,0,0,0,0,0,0,2,9,0,0,0,0,0,0,0,0,0,2,2,3,3,1.0,False
7361523,3,3,3,1,24,3,20,2,2,1,5,5,4,4,0,0,0,0,8,6,1,1,1,1,2,2,1,1,1,1,2,2,1,2,1,1,1,1,2,1,1,2,1,1,1,1,1,1,2,1,3,1,1,1,1,1,1,0,0,13,0,0,0,1,2,3,1,2,3,4,1.0,False
9206198,3,2,2,1,4,1,1,0,3,2,2,2,2,2,0,0,0,0,1,1,2,1,2,2,2,2,2,1,9,9,9,9,9,2,2,1,2,1,2,2,2,2,2,1,1,2,0,0,0,0,0,0,0,0,0,1,1,0,0,10,0,0,0,1,1,1,2,2,3,2,1.0,False
4524324,3,9,9,1,9,1,5,2,2,1,0,0,2,1,0,0,0,0,0,3,1,1,2,2,2,2,2,1,9,9,9,9,9,2,1,1,2,1,1,1,1,9,1,1,2,2,0,0,0,0,0,0,0,0,0,2,2,0,1,0,0,0,0,0,0,1,1,2,3,4,0.5,False
1217031,3,4,4,5,4,4,4,0,0,1,1,1,1,1,0,0,0,0,1,1,1,1,2,1,2,2,2,1,9,1,9,9,9,1,1,2,2,1,1,1,2,2,1,1,1,1,0,0,0,0,0,0,0,0,0,2,2,0,0,0,0,0,0,0,1,0,2,2,3,1,1.0,False
3545548,3,1,1,1,2,0,2,0,0,2,1,1,1,1,1,1,1,1,1,1,1,2,2,1,2,2,2,9,9,1,9,9,9,1,1,1,2,1,1,1,1,9,1,1,1,1,0,0,0,0,0,0,0,0,0,2,9,0,10,0,0,0,0,0,0,0,1,2,2,4,1.0,True
3939898,3,7,7,1,7,0,7,0,0,2,1,0,1,0,0,0,0,0,0,0,2,9,9,9,9,9,9,9,9,9,9,9,9,2,2,2,2,2,2,2,2,2,2,2,9,2,0,0,0,0,0,0,0,0,0,2,2,0,0,0,0,0,0,0,0,0,2,2,2,0,0.0,False
9410965,2,8,2,3,8,6,8,0,0,1,1,1,1,1,0,0,0,0,1,1,1,1,1,1,2,2,1,1,1,1,9,9,1,2,1,3,3,1,2,1,1,9,2,1,2,3,0,0,0,0,0,0,0,0,0,1,9,1,100,1,0,0,0,0,0,0,1,2,1,6,1.0,False
2337163,3,1,1,1,8,6,8,0,0,1,3,2,2,2,0,0,0,0,2,2,2,2,2,1,1,2,2,9,9,1,1,9,9,2,1,1,2,1,1,2,2,1,1,1,1,1,2,2,2,4,2,2,3,3,2,1,2,5,20,6,0,0,0,1,3,3,1,2,3,3,0.8,False
6807183,1,14,14,1,14,6,13,1,0,1,4,4,4,4,0,0,0,0,4,4,1,2,2,1,2,2,2,9,9,1,9,9,9,2,2,1,2,2,2,2,1,9,1,2,9,1,0,0,0,0,0,0,0,0,0,1,9,0,0,1,0,14,1,0,0,1,1,2,3,3,1.0,False
3227009,3,1,1,2,5,2,2,0,3,2,1,1,1,1,0,0,0,0,1,1,1,2,2,1,2,2,1,9,9,1,9,9,1,2,1,1,2,1,1,2,1,9,1,1,1,2,0,0,0,0,0,0,0,0,0,2,2,0,0,0,0,0,0,0,0,0,1,2,3,4,1.0,False
5241664,1,3,2,1,16,1,12,4,0,1,4,4,4,4,1,1,1,1,7,7,1,2,1,2,2,2,2,9,1,9,9,9,9,2,1,1,2,1,1,1,1,9,1,1,1,2,0,0,0,0,0,0,0,0,0,2,2,0,0,1,0,0,1,0,4,1,1,1,3,4,1.0,True
7956780,3,2,1,1,6,1,6,0,0,1,3,2,3,2,1,1,0,0,3,3,1,1,2,2,2,1,2,1,9,9,9,1,9,2,1,1,1,1,1,2,1,9,1,1,1,1,0,0,0,0,0,0,0,0,0,2,2,0,2,0,0,0,0,1,0,0,1,2,3,4,0.6666666666666666,True
8184882,3,1,1,5,1,0,1,0,0,2,1,1,1,1,0,0,0,0,2,2,1,1,2,2,2,2,2,1,9,9,9,9,9,2,2,1,2,1,2,1,1,9,2,1,2,3,0,0,0,0,0,0,0,0,0,2,9,0,0,0,0,0,0,0,0,0,2,2,3,3,1.0,False
2432922,3,4,4,1,8,1,5,0,3,1,1,1,2,2,0,0,0,0,1,1,1,1,2,2,2,2,2,1,9,9,9,9,9,2,1,1,2,1,2,2,1,9,1,1,1,2,0,0,0,0,0,0,0,0,0,2,2,0,0,0,0,0,0,0,0,0,2,2,3,3,1.0,False
1084897,3,1,1,1,4,4,4,0,0,1,1,1,1,1,0,0,0,0,1,1,1,1,2,2,2,2,2,1,9,9,9,9,9,2,1,1,2,1,2,2,1,9,2,1,2,3,0,0,0,0,0,0,0,0,0,2,9,0,0,0,0,0,0,0,0,0,1,2,3,4,1.0,False
3897690,3,5,5,1,5,1,4,1,0,2,3,3,3,3,0,0,0,0,0,0,1,2,2,1,2,2,2,9,9,1,9,9,9,1,1,1,2,1,1,2,2,2,1,1,1,2,0,0,0,0,0,0,0,0,0,1,1,0,0,0,0,1,0,1,1,1,2,2,2,2,1.0,False
1671657,3,1,1,1,9,1,4,3,2,2,1,1,1,1,0,0,0,0,3,2,1,2,2,1,2,2,2,9,9,1,9,9,9,1,1,1,2,1,1,1,1,9,1,1,1,1,0,0,0,0,0,0,0,0,0,2,2,0,0,0,0,0,0,1,0,1,1,1,3,4,1.0,False
6393165,2,14,14,1,14,4,14,0,0,1,2,2,2,2,2,2,2,2,1,2,1,1,2,1,2,2,2,1,9,1,9,9,9,2,1,1,1,1,1,1,1,9,2,2,9,1,0,0,0,0,0,0,0,0,0,2,9,4,0,7,7,2,2,2,1,2,1,1,1,4,1.0,False
3510617,3,3,3,1,11,10,6,0,5,1,2,2,2,2,1,1,1,1,2,2,1,1,2,2,2,2,2,1,9,9,9,9,9,2,1,1,1,2,1,1,1,9,1,1,1,1,4,4,4,2,2,4,4,4,1,1,1,0,0,26,0,1,0,0,5,2,1,2,3,3,1.0,True
9453858,3,1,0,5,2,1,2,0,0,1,1,1,1,1,0,0,0,0,0,0,1,2,2,1,2,2,2,9,9,1,9,9,9,2,1,1,2,1,2,1,2,1,1,1,9,2,0,0,0,0,0,0,0,0,0,2,9,0,1,0,0,0,0,0,0,0,2,2,3,2,1.0,False
8387262,3,1,1,5,4,5,4,0,0,1,1,1,1,1,0,0,0,0,0,0,1,1,2,1,2,2,2,1,9,1,9,9,9,2,1,1,2,1,1,1,1,9,1,1,1,3,0,0,0,0,0,0,0,0,0,2,9,0,2,0,0,0,0,0,0,0,2,2,3,3,1.0,False
2648775,3,5,5,1,8,10,5,0,3,1,1,1,3,3,1,1,0,0,4,6,1,1,2,1,2,2,2,1,9,1,9,9,9,1,1,1,2,1,2,1,1,9,1,1,1,2,4,4,4,4,4,4,1,4,4,1,1,0,1,12,0,0,1,2,2,1,1,1,3,4,1.0,True
2596302,2,24,24,1,14,8,14,0,0,1,5,5,0,0,5,5,0,0,5,5,1,2,2,1,2,2,2,9,9,2,9,9,9,2,1,1,2,2,2,2,1,9,2,2,9,2,0,0,0,0,0,0,0,0,0,1,9,3,0,12,0,0,1,1,1,4,1,2,3,3,1.0,False
9673849,3,2,1,2,9,1,5,3,1,2,1,1,2,2,1,1,0,0,1,1,1,1,2,2,2,2,2,1,9,9,9,9,9,2,1,1,2,1,1,1,2,2,2,1,1,1,0,0,0,0,0,0,0,0,0,2,2,0,0,0,0,0,0,0,0,0,2,1,3,2,1.0,True
2244252,3,1,1,1,7,4,7,0,0,1,1,1,3,3,0,0,0,0,6,7,2,2,1,1,2,2,2,9,2,1,9,9,9,2,2,1,2,1,1,1,1,9,2,1,2,1,0,0,0,0,0,0,0,0,0,1,2,1,0,0,0,16,0,3,2,1,1,2,3,4,1.0,False
8575706,3,3,3,5,3,1,2,1,0,2,1,1,1,1,0,0,0,0,0,0,2,1,2,2,2,2,2,1,9,9,9,9,9,1,1,3,2,1,2,2,1,9,2,1,1,2,0,0,0,0,0,0,0,0,0,2,9,0,0,0,0,0,0,0,0,0,1,2,3,6,1.0,False
8645555,2,7,7,1,9,0,9,0,0,1,0,0,2,2,0,0,0,0,0,6,1,1,2,1,1,2,1,1,2,1,1,2,1,1,1,1,2,1,1,1,1,2,1,1,1,1,0,0,0,0,0,0,0,0,0,9,2,1,1,1,0,0,0,0,1,1,1,2,2,4,1.0,False
5616469,3,1,1,1,2,2,2,0,0,1,1,1,1,1,0,0,0,0,3,2,1,2,2,1,1,2,2,9,9,1,1,9,9,2,1,2,2,1,2,2,1,9,1,2,9,2,0,0,0,0,0,0,0,0,0,2,9,0,0,0,0,0,0,0,0,0,2,2,3,2,1.0,False
6849026,3,4,4,1,4,4,4,0,0,1,1,1,2,2,1,1,0,0,2,1,1,1,2,1,2,2,2,1,9,1,9,9,9,2,1,1,2,1,2,1,2,1,1,1,1,2,0,0,0,0,0,0,0,0,0,2,9,0,0,0,0,0,0,0,0,0,1,2,2,3,1.0,True
7403999,1,1,1,1,4,4,4,0,0,1,4,4,4,4,0,0,0,0,4,4,2,2,2,1,1,2,2,9,9,1,1,9,9,2,1,1,2,1,1,1,1,9,1,2,9,3,0,0,0,0,0,0,0,0,0,1,9,1,1,4,0,0,0,1,1,1,1,2,2,4,1.0,False
1906215,3,3,1,5,6,5,4,2,0,1,2,1,1,1,0,0,0,0,1,1,2,1,2,2,2,2,2,1,2,2,2,2,2,2,1,1,2,1,2,2,2,1,1,1,2,3,0,0,0,0,0,0,0,0,0,2,9,0,0,1,0,0,0,0,0,1,2,2,3,2,0.6666666666666666,False
3638774,3,11,11,1,11,11,11,0,0,1,1,1,1,1,1,1,1,1,2,2,1,1,2,1,2,2,2,1,9,1,9,9,9,2,1,1,2,1,1,1,1,9,2,1,2,2,0,0,0,0,0,0,0,0,0,2,2,0,0,0,0,0,0,0,0,0,2,2,3,3,1.0,True
5289323,1,7,7,1,7,10,7,0,0,1,3,3,3,3,0,0,0,0,4,4,1,1,1,1,1,2,2,1,1,1,1,9,9,2,1,1,1,1,2,1,1,9,2,1,1,1,1,1,1,4,4,4,4,4,3,2,9,4,0,0,0,2,0,0,5,3,1,1,1,4,1.0,False
7143718,1,2,2,1,10,4,10,0,0,1,5,5,5,5,0,0,0,0,0,0,1,2,2,1,2,2,2,9,9,1,9,9,9,2,1,1,2,1,2,2,1,9,1,2,9,1,0,0,0,0,0,0,0,0,0,1,9,0,0,3,0,0,0,0,0,0,1,1,3,4,1.0,False
4803408,3,4,4,5,4,4,4,0,0,1,1,1,1,1,0,0,1,1,0,1,1,1,2,2,2,2,2,1,9,9,9,9,9,1,1,1,2,1,1,1,1,9,1,1,1,3,0,0,0,0,0,0,0,0,0,2,9,0,1,0,0,0,0,0,0,0,2,2,2,3,1.0,True
3658388,3,26,15,1,16,3,16,0,0,2,0,0,4,4,0,0,1,1,0,5,1,2,2,1,2,2,1,9,9,1,9,9,1,2,1,1,2,1,1,1,1,9,1,1,1,2,2,2,3,4,3,3,4,4,1,1,1,0,2,3,0,0,0,0,0,2,1,1,2,4,1.0,True
2350445,3,2,2,7,8,3,3,5,0,1,1,1,1,1,0,0,0,0,2,3,1,1,2,1,2,2,2,2,9,2,9,9,9,2,1,1,2,1,2,2,1,9,2,1,1,2,4,4,4,4,4,4,4,4,4,1,1,0,0,10,0,0,0,0,0,1,1,2,3,4,1.0,False
7070259,3,3,2,5,3,1,3,0,0,1,1,1,1,1,1,1,1,1,3,3,1,2,2,1,2,2,2,9,9,1,9,9,9,2,1,1,1,1,1,1,1,9,1,1,1,2,0,0,0,0,0,0,0,0,0,2,2,0,0,1,0,0,0,0,1,0,1,2,2,4,1.0,True
2616843,1,1,1,1,27,4,27,0,0,1,6,6,7,7,0,0,0,0,0,0,1,1,2,1,2,2,2,1,9,1,9,9,9,1,1,1,2,2,2,2,1,9,1,2,9,1,3,3,3,1,3,3,3,3,1,1,9,0,0,3,0,0,0,0,0,1,1,2,3,3,1.0,False
7864219,1,1,0,1,7,5,7,0,0,1,2,2,3,3,0,0,0,0,2,3,1,1,2,2,2,2,2,1,9,9,9,9,9,2,1,1,2,2,2,2,1,9,2,1,2,1,0,0,0,0,0,0,0,0,0,2,2,0,0,0,0,0,0,0,0,0,2,2,3,2,1.0,False
6464970,1,2,2,1,38,12,38,0,0,1,0,0,10,10,0,0,1,1,0,19,1,1,2,1,2,2,2,1,9,1,9,9,9,2,1,1,2,1,1,1,1,9,1,1,1,1,1,1,1,1,2,1,3,3,3,1,1,1,0,10,0,0,0,6,5,4,1,2,2,4,1.0,True
2491483,1,8,8,1,8,1,8,0,0,1,1,1,1,1,0,0,0,0,2,3,2,1,2,2,2,2,2,2,9,9,9,9,9,2,1,1,2,1,2,2,1,9,2,2,9,1,0,0,0,0,0,0,0,0,0,2,9,0,0,0,0,0,0,0,0,0,1,2,2,4,1.0,False
5199967,3,2,2,1,6,3,5,0,1,2,1,1,2,2,0,0,0,0,4,6,1,2,2,1,2,2,2,9,9,1,9,9,9,1,1,1,2,1,1,1,1,9,1,1,2,2,0,0,0,0,0,0,0,0,0,1,2,0,2,3,0,0,0,1,1,1,1,1,2,4,1.0,False
8652808,3,1,1,1,5,3,5,0,0,1,1,1,1,1,1,1,1,1,2,2,1,2,2,1,2,2,2,9,9,1,9,9,9,1,1,1,2,2,2,2,1,9,1,1,1,3,0,0,0,0,0,0,0,0,0,2,2,0,0,0,0,0,0,0,0,0,2,2,3,2,1.0,True
2237280,1,3,3,1,10,11,10,0,0,1,4,4,2,2,0,0,0,0,5,5,1,2,2,1,2,2,1,9,9,1,9,9,1,1,1,1,2,1,1,2,1,9,1,1,1,1,0,0,0,0,0,0,0,0,0,1,9,1,7,1,0,0,0,0,0,1,1,1,3,4,1.0,False
2931139,2,2,1,5,5,1,5,0,0,1,1,1,1,1,0,0,0,0,1,1,2,1,2,2,2,2,2,1,9,9,9,9,9,2,1,2,2,2,2,2,1,9,1,2,9,1,0,0,0,0,0,0,0,0,0,2,9,0,0,0,0,0,0,0,0,0,2,2,3,1,1.0,False
4408279,3,2,2,5,3,1,3,0,0,1,1,0,1,0,0,0,0,0,1,1,2,1,2,2,2,2,2,1,9,9,9,9,9,1,2,3,2,1,2,2,2,1,2,2,9,1,0,0,0,0,0,0,0,0,0,2,9,0,1,0,0,0,0,0,0,0,1,2,3,5,0.0,False
4050523,1,3,3,1,10,4,10,0,0,1,3,3,2,2,0,0,0,0,5,2,1,1,2,1,2,2,2,1,9,1,9,9,9,2,1,1,2,1,2,2,1,9,1,2,9,1,1,1,1,4,4,1,1,4,4,2,9,0,0,2,0,0,0,0,0,0,1,2,3,4,1.0,False
9223662,3,1,1,1,4,1,4,0,0,2,1,1,1,1,0,0,0,0,0,0,1,1,2,2,2,2,2,1,2,2,2,2,2,2,1,1,2,1,2,2,2,1,1,1,2,2,0,0,0,0,0,0,0,0,0,2,9,0,0,0,0,0,0,0,0,0,2,2,2,2,1.0,False
6727875,3,1,1,7,7,0,4,3,0,2,1,1,1,1,0,0,0,0,3,3,1,1,2,1,1,2,2,1,9,1,2,9,9,2,1,1,2,1,2,1,2,1,1,1,1,2,0,0,0,0,0,0,0,0,0,2,2,1,0,0,0,0,0,0,0,1,1,2,3,3,1.0,False
2561913,1,3,3,1,57,33,57,0,0,1,18,18,25,25,1,1,1,1,14,25,1,1,2,1,2,2,2,1,9,1,9,9,9,1,1,1,2,1,1,1,1,9,2,1,1,1,1,1,1,1,1,1,4,1,1,1,9,3,0,120,0,50,0,0,50,9,1,2,1,4,1.0,True
8458543,3,12,12,1,12,12,7,5,0,1,2,2,2,2,0,0,0,0,2,2,1,1,2,2,2,2,2,1,9,9,9,9,9,2,1,1,2,1,1,1,1,9,1,1,1,2,0,0,0,0,0,0,0,0,0,2,2,0,2,0,0,0,0,0,1,0,1,2,3,4,1.0,False
5920948,3,3,3,5,11,4,8,3,0,1,1,1,1,1,0,0,0,0,1,1,1,1,2,2,2,2,2,1,9,9,9,9,9,2,1,1,2,1,1,2,2,1,1,1,1,1,0,0,0,0,0,0,0,0,0,2,2,0,1,0,0,0,0,0,0,0,1,2,2,3,1.0,False
1692105,2,4,4,7,14,4,14,0,0,1,2,2,7,5,2,1,2,2,0,0,1,2,2,1,2,2,1,2,2,1,2,2,1,1,1,1,2,1,1,1,2,1,1,1,1,1,1,1,1,1,1,4,4,4,0,9,1,0,0,20,7607,20,1,0,1,1,1,1,2,3,0.7777777777777778,True
5439648,3,4,4,2,12,7,12,0,0,2,2,2,2,2,0,0,0,0,0,0,2,1,2,2,2,2,2,1,9,9,9,9,9,1,2,1,3,1,2,2,1,9,1,1,2,1,0,0,0,0,0,0,0,0,0,2,2,0,0,11,0,0,0,0,1,0,2,2,3,3,1.0,False
3640228,3,3,3,1,3,2,3,0,0,2,1,1,1,1,0,0,0,0,2,2,1,1,2,2,2,2,2,1,9,9,9,9,9,2,1,1,2,1,1,1,2,2,1,1,2,1,0,0,0,0,0,0,0,0,0,2,2,0,1,4,0,0,0,0,0,0,2,2,2,2,1.0,False
4123476,1,1,1,1,6,1,6,0,0,1,2,2,2,2,2,2,2,2,2,2,1,2,2,1,1,2,2,9,9,1,1,9,9,2,1,1,2,1,2,2,1,9,1,2,9,1,0,0,0,0,0,0,0,0,0,2,9,0,0,0,0,0,0,0,0,0,1,2,3,4,1.0,False
3884504,1,1,1,1,12,12,12,0,0,1,4,1,4,1,0,0,0,0,10,5,1,2,2,1,2,2,2,9,9,1,9,9,9,1,1,1,2,1,2,1,1,9,2,2,9,2,3,3,3,3,3,1,3,3,3,1,9,1,0,10,0,0,0,0,0,1,1,1,3,4,0.25,False
2634772,2,15,15,1,15,15,15,0,0,1,3,1,3,1,0,0,0,0,3,3,1,2,2,1,2,2,1,9,9,1,9,9,2,2,1,1,2,1,2,2,1,9,2,2,9,1,0,0,0,0,0,0,0,0,0,1,9,1,0,6,0,0,0,0,0,1,1,1,3,4,0.3333333333333333,False
5784729,1,5,5,1,5,1,5,0,0,1,0,0,1,1,0,0,0,0,0,1,1,1,1,1,2,2,2,1,1,1,9,9,9,2,1,1,2,1,1,1,1,9,2,2,9,3,0,0,0,0,0,0,0,0,0,2,9,0,0,0,0,0,0,0,0,0,2,2,2,3,1.0,False
9020677,1,1,1,7,4,9,4,0,0,1,1,1,1,1,0,0,0,0,7,7,1,1,1,1,2,1,1,1,1,1,9,1,1,1,1,1,2,1,1,1,1,9,1,1,1,1,0,0,0,0,0,0,0,0,0,2,2,0,0,1,0,0,0,1,1,1,1,1,3,4,1.0,False
6481192,1,1,1,1,13,8,13,0,0,1,3,3,3,3,0,0,0,0,10,10,1,2,2,2,1,2,1,9,9,9,1,9,1,1,1,1,2,1,1,1,1,9,2,1,2,1,0,0,0,0,0,0,0,0,0,1,9,3,0,10,0,2,0,0,0,1,1,1,3,4,1.0,False
1845361,3,4,4,1,12,0,10,0,2,2,2,2,2,2,0,0,0,0,2,2,1,1,2,1,2,2,2,1,9,1,9,9,9,2,1,2,2,2,2,2,2,2,2,2,9,2,0,0,0,0,0,0,0,0,0,2,2,0,0,0,0,0,0,0,0,0,2,2,3,0,1.0,False
5400513,3,11,11,1,8,3,8,0,0,2,1,1,1,1,1,1,1,1,1,1,1,1,2,2,2,2,2,1,9,9,9,9,9,1,1,1,2,1,1,1,1,9,1,1,1,1,0,0,0,0,0,0,0,0,0,1,1,0,4,5,0,0,0,2,1,1,1,2,1,4,1.0,True
3006362,3,2,2,1,3,2,3,0,0,2,1,0,1,0,0,0,0,0,1,1,2,1,2,1,2,2,2,1,9,1,9,9,9,2,2,1,2,1,1,1,1,9,1,1,2,2,0,0,0,0,0,0,0,0,0,2,2,0,0,0,0,0,0,0,0,0,1,2,3,4,0.0,False
6609962,3,4,4,1,10,3,10,0,0,2,2,2,2,2,0,0,0,0,3,3,1,1,2,2,2,2,2,1,9,9,9,9,9,3,1,1,3,1,1,1,2,1,1,1,1,1,0,0,0,0,0,0,0,0,0,1,1,0,0,11,0,0,1,3,4,1,1,2,3,3,1.0,False
8486883,2,10,10,1,10,10,10,0,0,1,1,1,1,1,1,1,1,1,1,1,1,1,2,2,2,2,2,1,9,9,9,9,9,2,1,1,2,1,2,2,1,9,1,2,9,2,0,0,0,0,0,0,0,0,0,1,9,1,0,1,0,0,0,0,0,0,1,1,1,4,1.0,False
9356987,1,2,0,5,3,3,3,0,0,2,1,1,1,1,0,0,0,0,1,1,1,2,1,2,2,2,2,9,1,9,9,9,9,2,1,1,2,2,2,2,1,9,2,2,9,2,0,0,0,0,0,0,0,0,0,2,2,0,0,0,0,0,0,0,0,0,2,2,3,2,1.0,False
4207931,1,1,1,1,13,22,13,0,0,1,3,3,3,3,2,2,2,2,5,5,1,2,2,1,2,2,2,9,9,1,9,9,9,1,1,1,2,1,1,1,1,9,1,1,1,1,0,0,0,0,0,0,0,0,0,1,9,2,0,15,0,4,0,0,4,2,1,2,3,4,1.0,True
7962631,3,4,3,1,10,4,6,2,2,2,1,1,1,1,0,0,0,0,0,0,1,1,2,2,2,2,2,1,9,9,9,9,9,1,2,2,2,1,2,2,2,2,2,1,2,1,0,0,0,0,0,0,0,0,0,2,2,0,0,0,0,0,0,0,0,0,2,2,2,1,1.0,False
3175399,3,4,4,1,14,2,4,6,4,1,1,1,1,1,1,1,1,1,0,0,1,1,2,2,2,2,2,1,9,9,9,9,9,1,1,1,2,2,2,2,1,9,2,1,2,1,0,0,0,0,0,0,0,0,0,2,2,0,0,0,0,0,0,0,0,0,2,2,3,2,1.0,True
6732156,3,3,3,5,5,1,4,0,1,2,1,1,1,1,0,0,0,0,2,2,1,1,2,2,2,2,2,1,2,2,2,2,2,2,1,1,2,1,2,2,1,2,1,1,2,2,0,0,0,0,0,0,0,0,0,2,9,0,0,0,0,0,0,0,0,0,2,2,2,3,1.0,False
9702742,1,6,6,1,6,7,6,0,0,1,4,4,4,4,0,0,0,0,3,3,1,1,2,1,2,2,2,1,9,1,9,9,9,2,2,1,2,1,2,2,1,9,1,1,1,1,0,0,0,0,0,0,0,0,0,2,9,0,0,12,0,0,0,0,1,1,2,2,3,3,1.0,False
7358495,3,2,2,5,7,2,7,0,0,1,1,1,1,1,0,0,0,0,2,1,1,1,2,2,2,2,2,1,9,9,9,9,9,2,1,1,2,1,2,2,1,9,1,1,1,3,0,0,0,0,0,0,0,0,0,2,2,0,1,0,0,0,0,0,1,0,2,2,3,3,1.0,False
7756835,3,1,1,1,2,2,2,0,0,1,1,1,1,1,1,1,1,1,1,1,1,1,2,2,2,2,2,1,9,9,9,9,9,1,1,1,2,1,1,1,1,9,1,1,1,1,0,0,0,0,0,0,0,0,0,2,9,0,0,0,0,0,0,0,0,0,1,2,3,4,1.0,True
5390921,2,1,1,1,5,5,5,0,0,1,2,2,2,2,0,0,0,0,2,2,1,2,2,1,2,2,2,9,9,1,9,9,9,2,1,1,2,1,1,2,1,9,1,1,1,1,0,0,0,0,0,0,0,0,0,2,9,0,0,1,0,0,0,0,0,1,1,2,3,4,1.0,False
3214285,3,1,1,5,4,3,4,0,0,2,0,0,4,4,0,0,0,0,0,2,1,1,2,2,2,2,2,1,9,9,9,9,9,2,1,1,2,1,2,2,2,2,2,1,2,1,0,0,0,0,0,0,0,0,0,2,2,0,0,0,0,0,0,1,0,1,2,1,3,2,1.0,False
8254119,3,2,2,1,10,0,10,0,0,2,1,1,1,1,1,1,1,1,1,1,1,1,2,1,2,2,2,1,9,1,9,9,9,2,1,1,2,1,1,2,1,9,2,1,2,3,0,0,0,0,0,0,0,0,0,1,2,1,1,15,0,0,0,5,0,1,1,2,2,4,1.0,True
1256808,3,3,3,5,2,0,1,0,1,2,1,1,1,1,0,0,0,0,1,1,1,1,2,1,2,2,1,1,2,1,2,2,1,2,1,1,2,1,1,2,2,2,1,1,1,1,0,0,0,0,0,0,0,0,0,2,9,0,0,0,0,0,0,0,0,0,2,2,2,2,1.0,False
1576598,2,2,1,1,5,3,5,0,0,2,3,3,2,2,0,0,0,0,5,4,1,2,2,1,2,2,2,9,9,1,9,9,9,1,1,1,1,1,1,1,1,9,1,1,1,1,0,0,0,0,0,0,0,0,0,2,9,1,1,10,0,1,0,0,1,1,1,1,3,4,1.0,False
6622387,3,1,1,7,3,1,2,0,1,1,1,1,1,1,0,0,0,0,1,1,1,1,2,2,1,2,2,1,9,9,1,9,9,1,1,1,2,1,1,1,1,9,1,1,1,3,0,0,0,0,0,0,0,0,0,2,9,0,0,0,0,0,0,0,0,0,2,2,2,3,1.0,False
4369216,3,8,3,1,8,4,7,0,1,1,0,0,8,8,0,0,0,0,0,4,1,1,1,1,2,2,2,1,2,1,9,9,9,1,1,1,2,1,2,2,1,9,1,1,2,1,0,0,0,0,0,0,0,0,0,2,2,0,30,0,30,0,0,0,0,0,1,2,3,4,1.0,False
3948431,3,3,3,1,3,3,0,0,3,2,2,2,2,2,1,1,0,0,1,1,1,1,2,1,1,2,2,1,9,1,1,9,9,2,1,1,2,1,2,1,1,9,1,1,2,1,0,0,0,0,0,0,0,0,0,2,2,0,0,0,0,0,0,0,0,0,2,2,3,3,1.0,True
2421261,1,1,1,5,18,8,18,0,0,1,2,2,2,2,0,0,0,0,2,2,1,2,1,2,2,2,2,9,1,9,9,9,9,2,1,1,2,1,2,2,1,9,1,1,1,1,0,0,0,0,0,0,0,0,0,1,9,4,2,15,0,2,2,2,1,3,1,2,1,4,1.0,False
3232781,3,2,1,7,6,2,6,0,0,2,1,1,1,1,0,0,0,0,0,0,1,1,2,1,2,2,1,1,2,1,2,2,1,2,1,1,2,1,2,2,2,2,1,1,2,2,0,0,0,0,0,0,0,0,0,2,9,0,0,0,0,0,0,0,0,0,2,2,2,2,1.0,False
7798999,3,1,0,5,1,0,0,0,1,2,1,1,1,1,1,1,0,0,2,2,1,2,1,1,2,2,2,9,1,1,9,9,9,2,1,1,2,1,1,1,2,1,1,1,1,2,0,0,0,0,0,0,0,0,0,2,9,0,1,0,0,0,0,0,0,0,1,2,3,3,1.0,True
1551856,3,1,1,5,1,1,1,0,0,2,3,3,1,1,0,0,0,0,0,0,1,2,2,1,2,2,2,9,9,1,9,9,9,2,1,1,2,1,1,2,2,2,1,1,2,3,0,0,0,0,0,0,0,0,0,2,9,0,0,0,0,0,0,0,0,0,1,2,3,3,1.0,False
2059916,3,3,3,7,3,0,2,0,1,2,1,1,1,1,1,1,0,0,1,1,1,1,2,2,2,2,2,1,9,9,9,9,9,2,1,1,2,1,1,1,1,9,1,1,1,3,0,0,0,0,0,0,0,0,0,2,9,0,0,0,0,0,0,0,0,0,2,2,3,3,1.0,True
2401222,3,1,1,1,3,0,1,1,1,2,1,1,1,1,0,0,0,0,1,1,1,1,2,1,2,2,2,1,9,2,9,9,9,2,1,1,2,1,2,2,1,9,1,1,2,3,0,0,0,0,0,0,0,0,0,2,2,0,0,0,0,0,0,0,0,0,2,2,3,3,1.0,False
3941013,3,1,1,5,2,2,1,1,0,1,1,1,1,1,0,0,1,1,0,0,2,1,2,1,2,2,2,1,9,1,9,9,9,2,1,1,2,1,2,1,1,9,1,2,9,3,0,0,0,0,0,0,0,0,0,2,9,0,1,0,0,0,0,0,0,0,2,2,2,3,1.0,False
8709964,4,6,6,1,6,2,5,0,1,1,2,2,2,2,1,1,0,0,2,2,1,1,2,2,1,2,2,1,9,9,1,9,9,2,1,1,2,1,2,1,1,9,1,1,1,2,0,0,0,0,0,0,0,0,0,2,2,0,0,0,0,0,0,0,0,0,2,2,2,3,1.0,True
2595708,3,4,4,1,4,1,2,2,0,2,1,1,1,1,1,1,1,1,0,1,1,1,2,1,2,2,2,1,9,1,9,9,9,2,1,1,1,1,1,1,2,1,1,1,1,2,0,0,0,0,0,0,0,0,0,2,2,0,0,0,0,0,0,0,0,0,1,2,3,3,1.0,True
9188952,1,1,1,1,3,3,3,0,0,1,2,2,1,1,0,0,0,0,6,6,1,2,2,1,2,1,2,9,9,1,9,1,9,2,1,1,2,1,1,2,1,9,1,1,1,3,0,0,0,0,0,0,0,0,0,2,9,0,0,5,0,0,0,0,0,1,1,2,3,4,1.0,False
3818663,3,3,3,1,16,6,11,2,3,1,5,5,5,5,1,1,1,1,5,5,1,1,2,2,2,2,2,1,9,9,9,9,9,2,1,1,2,1,2,2,1,9,1,1,2,2,0,0,0,0,0,0,0,0,0,2,2,0,7,0,0,0,0,0,0,0,2,2,3,3,1.0,True
6857864,3,3,3,5,8,2,6,2,0,1,1,1,1,1,0,0,0,0,1,1,2,1,2,2,2,2,2,1,9,9,9,9,9,2,2,1,2,1,1,2,2,2,2,1,1,2,0,0,0,0,0,0,0,0,0,2,2,0,1,0,0,0,0,0,0,0,1,2,1,3,1.0,False
9011529,1,20,20,1,13,11,13,0,0,1,0,0,0,0,10,10,10,10,5,0,1,2,2,1,2,2,2,9,9,1,9,9,9,2,1,1,2,1,2,1,1,9,2,1,2,1,1,1,1,1,4,4,4,2,1,1,9,0,0,12,0,10,0,1,1,2,1,2,3,4,,True
8615089,2,1,1,1,12,4,12,0,0,1,7,7,7,7,2,2,2,2,7,7,1,2,2,1,1,2,1,9,9,1,1,9,1,1,1,1,2,1,1,1,1,9,1,1,2,1,2,2,1,4,4,4,4,4,1,1,9,3,0,10,0,0,1,0,1,1,1,2,3,4,1.0,True
4035030,3,1,1,1,3,2,3,0,0,2,6,6,0,0,0,0,0,0,6,0,1,1,2,2,1,2,2,1,9,9,2,9,9,2,1,1,2,1,2,1,2,1,1,1,2,1,0,0,0,0,0,0,0,0,0,2,9,0,1,0,0,0,0,0,0,0,1,2,3,3,1.0,False
3976694,3,2,2,1,2,0,2,0,0,2,1,1,1,0,0,0,0,0,1,1,1,1,2,2,2,2,2,1,9,9,9,9,9,2,1,1,2,2,1,1,2,2,1,1,1,3,0,0,0,0,0,0,0,0,0,2,9,0,0,0,0,0,0,0,0,0,1,2,2,2,0.5,False
9147404,1,1,1,1,3,1,3,0,0,2,1,1,1,1,0,0,0,0,1,1,1,2,2,1,2,2,2,9,9,1,9,9,9,2,2,1,2,2,2,2,1,9,1,2,9,2,0,0,0,0,0,0,0,0,0,2,9,0,0,0,0,0,0,0,0,0,2,2,2,2,1.0,False
6430650,6,1,1,1,1,0,1,0,0,2,0,0,1,1,0,0,0,0,2,0,1,2,2,2,1,2,2,9,9,9,1,9,9,2,1,2,2,2,2,2,1,9,1,2,9,3,0,0,0,0,0,0,0,0,0,2,2,0,0,0,0,0,0,0,0,0,2,2,3,1,1.0,False
7342678,3,2,2,5,6,0,6,0,0,2,2,0,3,1,0,0,0,0,0,0,1,1,2,2,2,2,2,1,9,9,9,9,9,2,1,1,2,2,2,2,2,2,2,1,1,2,0,0,0,0,0,0,0,0,0,2,2,0,0,0,0,0,0,0,0,0,2,2,3,1,0.2,False
5528513,3,5,5,1,3,3,2,0,1,2,1,1,2,2,0,0,0,0,1,1,1,1,2,1,2,2,2,1,9,1,9,9,9,2,1,1,2,1,1,2,1,9,1,1,1,1,0,0,0,0,0,0,0,0,0,2,1,0,0,10,7,0,0,2,0,1,1,1,3,4,1.0,False
2968723,3,1,1,1,8,2,8,0,0,1,2,2,2,2,1,1,0,0,3,3,1,1,2,2,2,2,2,1,9,9,9,9,9,2,1,1,2,1,1,1,2,2,1,1,1,2,0,0,0,0,0,0,0,0,0,2,2,0,0,0,0,0,0,0,0,0,2,2,3,2,1.0,True
7684126,1,1,1,1,5,5,5,0,0,1,1,1,1,1,0,0,0,0,1,1,1,1,1,1,2,2,2,1,1,1,9,9,9,3,1,1,3,1,2,2,1,9,2,2,9,1,0,0,0,0,0,0,0,0,0,2,9,0,0,0,0,0,0,0,0,0,2,2,3,3,1.0,False
3789423,3,3,2,5,4,1,2,2,0,2,1,1,1,1,0,0,0,0,1,1,1,1,2,2,2,1,2,1,2,2,2,1,2,2,1,1,2,1,1,1,1,2,1,1,2,2,0,0,0,0,0,0,0,0,0,2,9,0,0,0,0,0,0,0,0,0,2,2,2,3,1.0,False
6324851,3,1,1,5,4,4,4,0,0,2,1,1,1,1,0,0,0,0,0,0,1,2,2,1,2,2,2,9,9,1,9,9,9,1,1,1,2,1,1,1,1,9,1,1,2,1,0,0,0,0,0,0,0,0,0,2,9,0,0,0,0,0,0,0,0,0,1,2,3,4,1.0,False
5697484,2,1,1,1,6,4,6,0,0,1,0,0,2,2,0,0,0,0,0,7,1,1,2,2,2,2,1,1,9,9,9,9,1,1,1,1,2,1,2,2,1,9,1,1,2,1,0,0,0,0,0,0,0,0,0,2,2,0,0,2,0,0,0,0,0,0,2,2,2,3,1.0,False
4740864,1,3,3,1,8,8,8,0,0,1,0,0,0,0,0,0,0,0,1,1,1,1,2,2,2,2,2,1,9,9,9,9,9,2,2,1,2,2,2,2,1,9,1,2,9,2,0,0,0,0,0,0,0,0,0,1,9,1,0,0,0,0,0,0,0,1,1,2,2,3,,False
3225367,3,1,1,2,2,1,2,0,0,1,1,1,1,1,1,1,0,0,1,1,1,1,2,1,2,2,2,1,9,1,9,9,9,2,1,1,2,1,1,1,1,9,1,1,1,3,0,0,0,0,0,0,0,0,0,2,9,0,1,0,0,0,0,0,0,0,1,2,3,4,1.0,True
5203570,3,2,2,1,7,2,7,0,0,1,2,2,2,2,0,0,0,0,2,2,2,1,2,2,2,2,2,1,9,9,9,9,9,2,1,2,2,1,1,1,2,1,1,1,1,2,0,0,0,0,0,0,0,0,0,2,2,0,0,0,0,0,0,0,0,0,2,2,2,1,1.0,False
8252046,3,4,4,1,4,0,4,0,0,2,1,1,1,1,1,1,1,1,2,2,1,2,2,1,2,2,2,9,9,1,9,9,9,2,1,1,2,1,2,2,1,9,1,1,2,2,0,0,0,0,0,0,0,0,0,2,2,0,1,1,0,0,0,0,0,1,1,1,3,4,1.0,True
8517609,1,3,3,1,15,10,15,0,0,1,20,20,20,20,4,4,3,3,25,30,1,2,2,1,2,2,2,9,9,1,9,9,9,2,1,1,2,1,1,1,1,9,1,1,1,1,1,1,1,1,1,3,3,3,1,1,9,0,0,2,0,0,1,0,0,2,1,2,3,4,1.0,True
5977826,2,1,1,1,17,5,17,0,0,1,2,2,2,2,0,0,0,0,2,2,1,1,2,2,1,2,2,1,9,9,1,9,9,2,1,1,2,1,1,1,1,9,2,2,9,1,0,0,0,0,0,0,0,0,0,2,9,1,0,2,0,0,0,0,0,1,1,2,2,4,1.0,False
8194976,3,2,1,1,2,1,1,0,1,2,1,1,1,1,0,0,0,0,0,0,1,1,2,1,2,2,2,2,9,1,9,9,9,2,1,1,2,1,1,1,2,2,1,1,1,2,0,0,0,0,0,0,0,0,0,2,9,0,0,0,0,0,0,0,0,0,1,2,2,3,1.0,False
7790306,1,3,1,1,5,0,5,0,0,1,2,2,3,3,3,3,3,3,6,6,1,2,1,1,2,2,1,2,1,1,2,2,1,1,1,1,2,1,1,1,1,2,1,1,1,1,0,0,0,0,0,0,0,0,0,9,2,0,0,1,0,0,0,0,0,0,1,2,2,4,1.0,True
8613721,3,2,2,1,2,0,2,0,0,2,1,1,1,1,0,0,0,0,1,0,1,1,2,2,2,2,2,1,9,9,9,9,9,1,1,1,2,1,2,2,1,9,1,1,1,3,0,0,0,0,0,0,0,0,0,2,9,0,0,0,0,0,0,0,0,0,2,1,3,3,1.0,False
6211673,3,1,1,1,1,0,1,0,0,2,1,1,1,1,0,0,0,0,1,1,1,1,2,2,2,2,2,1,9,9,9,9,9,2,1,1,1,1,1,1,1,9,1,1,1,3,0,0,0,0,0,0,0,0,0,2,9,0,0,2,0,0,0,0,1,0,2,2,2,3,1.0,False
2109735,3,1,0,5,4,1,4,0,0,2,1,1,1,1,0,0,0,0,2,2,2,1,2,2,2,2,2,1,2,2,2,2,2,2,2,1,2,2,2,1,1,2,1,1,1,1,0,0,0,0,0,0,0,0,0,2,9,0,0,0,0,0,0,0,0,0,2,2,3,2,1.0,False
5466977,1,1,1,1,8,8,8,0,0,1,2,2,2,2,2,2,2,2,2,2,1,1,1,1,1,2,2,1,1,1,1,9,9,2,1,1,1,1,2,1,1,9,1,1,1,1,0,0,0,0,0,0,0,0,0,1,9,0,0,1,50,2,1,0,0,1,1,2,1,4,1.0,True
8869911,3,2,2,1,2,1,2,0,0,2,1,0,1,0,0,0,0,0,1,1,2,1,2,2,2,2,2,1,9,9,9,9,9,2,1,1,2,1,2,2,1,9,1,1,1,1,0,0,0,0,0,0,0,0,0,2,9,0,0,0,0,0,0,0,0,0,2,2,3,3,0.0,False
8976777,3,2,2,1,2,1,2,0,0,2,1,1,2,2,0,0,0,0,1,1,1,1,2,2,2,2,2,1,9,9,9,9,9,1,1,1,2,1,1,1,2,2,1,1,1,2,0,0,0,0,0,0,0,0,0,2,9,0,1,0,0,0,0,0,0,0,1,1,3,3,1.0,False
7646215,3,3,3,5,3,1,0,0,3,1,0,0,1,1,0,0,0,0,0,1,1,2,2,2,2,1,2,9,9,9,9,1,9,2,1,1,2,1,1,1,2,2,1,1,1,2,0,0,0,0,0,0,0,0,0,2,2,0,1,0,0,0,0,0,1,0,1,2,2,3,1.0,False
5039693,1,14,14,1,14,14,14,0,0,1,1,1,1,1,1,1,1,1,1,1,1,1,1,1,2,1,1,1,1,1,9,1,1,1,1,1,1,2,2,2,2,2,1,1,2,1,0,0,0,0,0,0,0,0,0,2,9,1,1,1,0,1,0,0,0,0,1,2,3,2,1.0,True
2715512,3,1,0,1,3,1,0,3,0,2,3,0,1,1,0,0,0,0,0,0,1,2,2,1,2,2,2,9,9,1,9,9,9,2,1,2,2,2,2,2,2,2,2,1,2,3,0,0,0,0,0,0,0,0,0,2,9,0,0,0,0,0,0,0,0,0,2,2,3,0,0.25,False
9345861,3,1,1,1,7,1,5,2,0,1,1,1,1,1,0,0,0,0,1,1,1,1,2,2,2,2,2,1,9,9,9,9,9,2,1,1,2,1,2,1,1,9,1,1,1,2,0,0,0,0,0,0,0,0,0,2,2,0,0,0,0,0,0,0,0,0,2,2,3,3,1.0,False
2141341,3,1,1,1,7,2,7,0,0,1,1,1,1,1,0,0,0,0,2,0,1,2,2,1,1,2,2,9,9,1,1,9,9,2,1,1,2,2,1,1,2,2,1,2,9,1,0,0,0,0,0,0,0,0,0,1,1,0,0,16,0,0,0,5,5,3,1,1,3,2,1.0,False
8465815,2,4,2,2,8,0,4,2,2,1,4,4,4,4,1,0,1,0,12,4,1,1,1,1,2,2,1,1,1,1,2,2,1,1,1,1,2,1,1,1,2,1,1,1,1,1,0,0,0,0,0,0,0,0,0,9,2,0,1,1,0,0,0,0,0,0,1,2,2,3,1.0,False
1682802,3,2,1,3,3,3,3,0,0,1,1,1,1,1,0,0,0,0,0,0,1,2,2,1,2,2,2,9,9,1,9,9,9,2,1,1,2,1,2,1,1,9,1,1,1,1,0,0,0,0,0,0,0,0,0,2,9,0,0,0,0,0,0,0,0,0,1,2,3,4,1.0,False
6925383,3,1,1,5,2,0,0,0,2,2,1,1,1,1,0,0,0,0,0,0,1,2,2,1,2,2,2,9,9,2,9,9,9,2,1,1,2,1,2,2,2,1,1,1,1,2,0,0,0,0,0,0,0,0,0,2,9,0,0,0,0,0,0,0,0,0,2,2,3,2,1.0,False
7366733,3,1,0,1,2,0,2,0,0,2,1,0,1,1,1,0,0,0,1,2,1,1,2,1,2,2,2,1,9,1,9,9,9,2,1,1,2,1,2,1,1,9,1,1,1,1,0,0,0,0,0,0,0,0,0,2,9,0,0,1,0,0,0,0,1,1,2,2,2,3,0.5,False
6964311,3,1,1,5,2,1,2,0,0,2,1,1,1,1,0,0,0,0,1,1,1,1,2,2,2,2,2,1,9,9,9,9,9,2,1,1,2,1,1,2,1,9,1,1,1,1,0,0,0,0,0,0,0,0,0,2,9,0,1,0,0,0,0,0,0,0,2,2,3,3,1.0,False
1113905,3,1,1,1,6,1,6,0,0,1,2,2,2,2,1,0,0,0,6,5,1,2,2,1,1,2,2,9,9,1,1,9,9,1,1,1,1,1,1,2,1,9,1,2,9,3,0,0,0,0,0,0,0,0,0,2,2,0,0,2,0,0,0,0,0,3,1,2,3,4,1.0,False
4956952,2,5,4,1,5,0,5,0,0,1,0,0,1,1,0,0,0,0,0,2,1,1,2,1,2,2,1,1,2,1,2,2,1,1,1,1,2,1,1,1,1,2,1,1,1,1,0,0,0,0,0,0,0,0,0,9,2,0,0,0,0,0,0,0,0,0,1,2,2,4,1.0,False
5600082,2,1,1,3,3,4,3,0,0,1,1,1,1,1,1,1,0,0,1,1,1,1,2,2,2,2,2,1,9,9,9,9,9,1,1,1,2,1,1,1,1,9,1,1,1,1,0,0,0,0,0,0,0,0,0,2,2,0,0,2,0,0,0,0,0,2,1,2,2,4,1.0,True
3667114,2,2,2,1,9,8,9,0,0,1,1,1,2,2,0,0,0,0,3,2,1,1,2,1,2,2,2,1,9,1,9,9,9,2,1,1,1,1,2,1,1,9,2,2,9,1,0,0,0,0,0,0,0,0,0,2,9,1,0,3,0,0,0,0,0,1,1,2,3,4,1.0,False
5823319,1,2,1,5,4,1,0,4,0,2,1,1,1,1,0,0,0,0,1,1,1,1,2,2,2,2,2,1,9,9,9,9,9,2,1,2,2,2,2,2,2,2,2,2,9,2,0,0,0,0,0,0,0,0,0,1,9,0,0,1,0,0,0,0,1,1,1,2,3,1,1.0,False
7343155,1,1,1,1,10,2,10,0,0,1,1,1,2,2,0,0,0,0,2,3,1,2,2,1,2,2,2,9,9,1,9,9,9,1,1,1,1,1,2,2,2,1,1,2,9,1,0,0,0,0,0,0,0,0,0,2,9,0,0,0,0,0,0,0,0,0,2,2,3,2,1.0,False
5764675,3,5,4,7,4,3,4,0,0,2,2,1,2,1,1,1,1,1,1,1,1,1,2,1,2,2,2,1,9,1,9,9,9,1,1,1,2,1,2,2,1,9,1,1,1,2,0,0,0,0,0,0,0,0,0,2,2,0,0,0,0,0,0,0,0,1,1,2,3,4,0.5,True
7819133,3,3,3,5,3,0,3,0,0,2,1,1,1,1,0,0,0,0,1,1,1,1,2,2,2,2,2,1,9,9,9,9,9,2,1,1,2,1,2,2,2,2,2,1,1,3,0,0,0,0,0,0,0,0,0,2,9,0,1,0,0,0,0,0,0,0,1,1,3,3,1.0,False
7736141,3,2,2,5,2,1,1,0,1,2,0,0,0,0,1,1,1,1,3,3,1,1,2,1,2,2,2,1,9,1,9,9,9,2,1,1,2,1,1,2,2,1,1,1,1,2,0,0,0,0,0,0,0,0,0,2,9,0,1,0,0,0,0,0,0,0,1,2,3,3,,True
9829590,3,2,1,5,2,0,0,0,2,2,1,1,1,0,0,0,0,0,3,4,2,2,2,1,2,2,2,9,9,1,9,9,9,2,2,1,2,1,2,1,1,9,1,1,1,3,0,0,0,0,0,0,0,0,0,2,9,0,0,0,0,0,0,0,0,0,2,2,2,3,0.5,False
8592979,3,5,2,5,4,1,2,1,1,2,1,1,1,1,0,0,0,0,2,2,1,1,2,2,2,2,2,1,2,2,2,2,2,2,1,1,1,1,1,1,2,1,1,1,1,2,0,0,0,0,0,0,0,0,0,2,9,0,0,0,0,0,0,0,0,0,2,2,3,2,1.0,False
2683112,2,5,4,5,5,0,5,0,0,1,1,1,1,1,0,0,0,0,4,4,1,2,2,1,2,2,1,2,2,1,2,2,1,1,1,1,2,1,1,1,1,2,1,1,1,1,0,0,0,0,0,0,0,0,0,9,2,0,0,0,0,0,0,0,0,0,1,2,2,4,1.0,False
2387938,1,15,11,1,15,2,15,0,0,1,2,2,2,2,0,0,0,0,2,2,1,1,2,1,2,2,2,1,9,1,9,9,9,1,1,1,2,1,1,1,1,9,2,2,9,2,1,1,1,1,1,1,3,3,3,2,9,0,0,1,0,0,0,0,1,1,1,2,3,4,1.0,False
4910591,3,1,1,1,7,1,5,2,0,1,1,1,1,1,0,0,0,0,1,1,1,1,2,2,2,2,2,1,9,9,9,9,9,1,1,1,2,2,1,1,1,9,1,1,2,3,0,0,0,0,0,0,0,0,0,2,2,0,0,0,0,0,0,0,0,0,2,2,1,2,1.0,False
9652023,3,2,2,1,14,0,14,0,0,2,4,4,4,4,1,1,0,0,6,6,1,2,2,1,2,2,2,9,9,1,9,9,9,3,1,1,3,1,1,1,1,9,1,1,2,1,0,0,0,0,0,0,0,0,0,2,2,31,30,0,0,0,0,0,1,0,1,2,3,4,1.0,True
7511816,1,8,8,3,8,2,8,0,0,1,3,3,3,3,0,0,0,0,3,3,1,2,1,2,2,2,2,9,1,9,9,9,9,2,1,1,2,1,1,2,1,9,2,2,9,1,0,0,0,0,0,0,0,0,0,1,9,0,0,5,0,0,0,0,0,1,1,2,3,4,1.0,False
8911651,3,1,1,7,1,6,1,0,0,1,1,1,1,1,1,1,0,0,2,2,1,1,2,2,2,2,2,1,9,9,9,9,9,1,1,3,2,1,2,1,2,1,1,1,1,3,0,0,0,0,0,0,0,0,0,2,9,0,2,0,0,0,0,0,0,0,1,2,3,5,1.0,True
1384422,1,0,0,1,0,0,0,0,0,2,0,0,0,0,0,0,0,0,0,0,2,9,9,9,9,9,9,9,9,9,9,9,9,2,2,2,2,2,2,2,1,9,2,2,9,3,0,0,0,0,0,0,0,0,0,2,9,0,0,0,0,0,0,0,0,0,2,2,2,1,,False
4407874,1,2,2,3,14,14,14,0,0,1,10,10,8,8,1,1,1,1,10,8,1,1,1,1,2,1,1,1,1,1,9,1,1,1,1,1,1,1,1,1,1,9,1,2,9,1,0,0,0,0,0,0,0,0,0,1,9,1,0,1,0,0,0,1,3,1,1,2,3,4,1.0,False
7838794,3,7,3,1,7,5,5,2,0,2,2,2,2,2,0,0,0,0,3,3,1,2,2,1,2,2,2,9,9,1,9,9,9,2,1,1,2,1,1,1,1,9,1,1,1,1,0,0,0,0,0,0,0,0,0,2,2,0,0,0,0,0,0,0,0,0,2,2,3,3,1.0,False
4108123,3,1,1,1,4,0,2,0,2,2,1,1,1,1,0,0,0,0,1,1,1,2,2,1,2,2,2,9,9,1,9,9,9,2,1,2,2,1,2,1,1,9,1,1,1,3,0,0,0,0,0,0,0,0,0,2,9,0,2,0,0,0,0,0,0,0,2,2,3,2,1.0,False
7348168,2,1,0,1,5,0,5,0,0,1,1,1,1,1,0,0,0,0,3,2,1,1,2,1,2,2,1,1,2,1,2,2,1,1,1,1,2,1,1,1,1,2,1,1,1,1,0,0,0,0,0,0,0,0,0,9,2,0,0,0,0,0,0,0,0,0,1,2,2,4,1.0,False
4090666,3,2,2,5,15,4,15,0,0,2,2,2,2,2,1,1,1,1,5,5,1,1,2,1,2,2,1,1,2,1,2,2,1,2,1,1,2,1,2,2,1,2,1,1,1,2,0,0,0,0,0,0,0,0,0,1,1,0,0,2,0,10,0,1,1,2,1,2,2,4,1.0,True
1847248,2,14,14,1,14,6,14,0,0,1,5,1,5,2,0,0,0,0,5,5,1,2,2,1,2,2,2,9,9,1,9,9,9,2,1,1,2,1,2,1,1,9,2,1,2,1,0,0,0,0,0,0,0,0,0,2,9,1,0,1,0,0,1,0,0,1,1,1,3,4,0.3,False
3269159,3,11,6,1,11,0,6,5,0,2,3,1,1,1,0,0,1,1,6,6,1,2,2,1,2,2,2,9,9,1,9,9,9,2,1,1,2,1,1,1,1,9,1,1,1,1,0,0,0,0,0,0,0,0,0,1,1,3,1,16,0,16,0,3,3,1,1,1,3,4,0.5,True
5850045,1,2,2,1,33,8,33,0,0,1,14,14,14,14,1,1,1,1,14,14,1,1,2,1,2,2,2,1,9,1,9,9,9,1,1,1,2,1,1,1,1,9,2,1,1,1,0,0,0,0,0,0,0,0,0,2,9,2,0,15,0,1,1,1,1,1,1,1,1,4,1.0,True
9749265,3,1,1,5,2,1,2,0,0,2,1,1,1,1,1,1,0,0,2,1,1,1,2,2,2,2,2,1,9,9,9,9,9,1,1,1,2,1,1,1,2,1,1,1,1,3,0,0,0,0,0,0,0,0,0,2,9,0,1,0,0,0,0,0,0,0,2,2,3,2,1.0,True
5918736,2,1,1,3,10,4,10,0,0,1,1,1,2,2,0,0,0,0,8,12,1,2,2,1,2,2,2,9,9,1,9,9,9,3,1,1,2,1,2,2,1,9,1,1,1,1,2,2,2,3,4,4,4,4,4,2,2,0,0,2,0,2,0,0,0,1,1,2,3,4,1.0,False
3267548,3,1,1,4,2,0,0,0,2,2,1,1,1,1,1,1,1,1,1,1,1,1,2,2,2,2,2,1,9,9,9,9,9,1,1,1,2,1,2,2,1,9,1,1,1,1,0,0,0,0,0,0,0,0,0,2,9,0,1,0,0,0,0,0,0,0,1,2,3,4,1.0,True
4498147,1,1,1,1,1,0,1,0,0,2,1,0,1,1,1,1,1,1,1,1,1,2,2,1,2,2,2,9,9,1,9,9,9,2,1,1,2,2,2,2,2,2,1,2,9,3,0,0,0,0,0,0,0,0,0,2,9,0,0,0,0,0,0,0,0,0,2,2,3,1,0.5,False
3270940,3,2,2,5,5,1,4,1,0,2,1,1,1,1,0,0,0,0,2,2,1,1,2,2,1,2,2,1,9,9,1,9,9,2,1,1,2,1,2,1,2,2,1,1,1,3,0,0,0,0,0,0,0,0,0,2,9,0,0,0,0,0,0,0,0,0,2,2,2,2,1.0,False
3609299,3,4,4,1,5,5,5,0,0,1,1,1,1,1,0,0,0,0,1,1,1,1,2,1,2,2,2,1,9,1,9,9,9,2,1,1,2,1,1,1,1,9,1,1,1,1,0,0,0,0,0,0,0,0,0,1,2,0,1,2,0,0,0,0,0,0,1,2,3,4,1.0,False
7400568,2,3,3,1,15,5,15,0,0,1,4,4,4,4,0,0,0,0,5,5,1,1,1,1,2,2,2,1,1,1,9,9,9,1,1,1,2,1,1,1,1,9,1,1,1,1,0,0,0,0,0,0,0,0,0,2,9,3,0,3,0,1,0,2,3,1,1,1,3,4,1.0,False
6057628,3,2,0,1,4,0,2,0,2,2,1,1,1,1,0,0,0,0,1,2,1,1,1,1,2,2,2,1,1,1,9,9,9,3,1,1,2,1,1,1,2,2,1,1,1,1,0,0,0,0,0,0,0,0,0,2,9,0,0,1,0,0,0,0,0,0,2,2,3,2,1.0,False
4577353,3,2,2,1,5,5,5,0,0,2,1,1,2,2,0,0,0,0,4,4,1,1,2,1,2,2,2,1,9,1,9,9,9,2,1,1,2,1,1,2,2,2,1,1,1,3,0,0,0,0,0,0,0,0,0,2,2,0,1,0,0,0,0,0,0,0,1,2,3,3,1.0,False
9203267,3,1,1,2,5,0,0,2,3,2,1,1,1,1,1,1,1,1,1,1,1,1,2,2,2,2,2,1,9,9,9,9,9,2,2,1,2,2,2,2,2,2,1,2,9,2,0,0,0,0,0,0,0,0,0,2,2,0,0,0,0,0,0,0,0,0,2,2,3,1,1.0,False
6106071,3,3,3,1,3,2,3,0,0,1,1,1,1,1,1,1,0,0,2,2,1,1,2,2,2,2,2,1,9,9,9,9,9,2,1,1,2,1,1,1,1,9,1,1,1,2,0,0,0,0,0,0,0,0,0,2,9,0,0,0,0,0,0,0,0,0,2,1,2,3,1.0,True
9080794,3,1,1,5,2,1,1,0,1,2,1,1,1,1,0,0,0,0,0,0,1,2,2,1,2,2,2,9,9,1,9,9,9,2,1,1,2,1,1,1,2,1,1,1,2,2,0,0,0,0,0,0,0,0,0,2,9,0,0,0,0,0,0,0,0,0,1,2,1,3,1.0,False
3819163,3,1,1,1,6,0,4,2,0,2,1,1,1,1,0,0,0,0,1,1,1,1,2,2,2,2,2,1,9,9,9,9,9,2,2,1,2,2,2,2,2,2,2,2,9,3,0,0,0,0,0,0,0,0,0,2,9,0,0,0,0,0,0,0,0,0,2,2,2,1,1.0,False
8974232,3,5,5,3,7,0,6,1,0,2,2,2,2,1,1,1,1,1,2,2,1,2,2,1,2,2,2,9,9,1,9,9,9,1,1,1,2,1,2,1,1,9,1,1,1,1,0,0,0,0,0,0,0,0,0,1,2,0,1,3,0,0,0,0,1,2,1,2,2,4,0.75,True
7940745,1,7,7,1,7,8,7,0,0,1,2,2,2,2,1,1,1,1,2,2,1,1,1,1,2,2,1,1,1,1,9,9,1,1,1,1,2,1,1,1,1,9,2,2,9,1,4,4,4,4,4,1,4,4,4,2,9,1,0,2,0,1,0,0,0,1,1,1,3,4,1.0,False
4917645,1,2,2,1,8,2,8,0,0,1,2,2,2,2,0,0,0,0,0,0,1,1,2,1,2,2,2,1,9,1,9,9,9,2,1,1,2,2,2,2,1,9,1,1,1,1,0,0,0,0,0,0,0,0,0,2,9,3,4,15,0,0,1,0,1,3,1,1,3,3,1.0,False
5817159,1,1,1,1,24,9,24,0,0,1,8,8,15,15,2,2,3,3,8,0,1,2,1,1,2,2,2,9,1,1,9,9,9,1,1,1,2,1,2,1,1,9,1,1,2,1,1,1,1,1,4,4,4,4,1,1,9,3,0,40,0,0,0,0,1,2,1,2,1,4,1.0,True
7161180,1,1,1,5,4,0,4,0,0,2,1,1,1,1,0,0,0,0,1,1,2,1,2,2,1,2,2,1,9,9,1,9,9,2,2,2,2,1,2,1,1,9,1,2,9,1,0,0,0,0,0,0,0,0,0,2,9,0,0,0,0,0,0,0,0,0,2,2,3,2,1.0,False
5538019,3,7,5,7,7,10,3,4,0,1,2,2,2,2,0,0,0,0,2,2,1,1,2,1,2,2,2,1,9,1,9,9,9,1,1,1,2,1,1,1,1,9,1,1,1,1,0,0,0,0,0,0,0,0,0,1,1,0,0,10,132,2,0,2,2,2,1,2,3,4,1.0,False
4465800,3,1,1,1,3,0,0,0,3,2,1,1,1,1,0,0,0,0,1,1,1,2,2,2,1,2,2,9,9,9,1,9,9,2,2,2,2,1,1,1,1,9,1,1,1,3,0,0,0,0,0,0,0,0,0,2,9,0,1,0,0,0,0,0,0,0,2,2,3,2,1.0,False
5431131,3,1,1,7,2,0,2,0,0,1,1,1,1,1,0,0,0,0,1,1,1,1,2,2,2,1,2,1,2,2,2,1,2,2,1,1,2,1,2,2,2,2,1,1,1,2,0,0,0,0,0,0,0,0,0,2,9,0,0,0,0,0,0,0,0,0,2,2,3,2,1.0,False
7160161,3,2,2,1,2,1,2,0,0,1,1,1,1,1,1,1,0,0,1,1,1,2,2,1,2,2,2,9,9,1,9,9,9,2,1,1,2,1,2,1,1,9,1,1,1,1,0,0,0,0,0,0,0,0,0,2,9,0,0,3,0,0,0,0,1,0,1,2,2,4,1.0,True
8385863,3,3,2,7,6,1,3,1,2,2,1,1,1,1,1,1,1,1,1,1,1,1,2,1,2,2,1,1,2,1,2,2,1,3,1,1,2,1,1,2,1,2,1,1,2,1,0,0,0,0,0,0,0,0,0,2,9,0,0,0,0,0,0,0,0,0,2,2,3,3,1.0,True
3163994,3,6,6,5,6,1,6,0,0,1,1,1,2,2,0,0,0,0,0,0,1,1,2,2,2,2,2,1,9,9,9,9,9,2,1,2,2,2,1,1,1,9,1,1,2,2,0,0,0,0,0,0,0,0,0,2,2,0,0,0,0,0,0,0,0,0,2,2,3,1,1.0,False
5839191,1,3,3,1,38,12,38,0,0,1,13,13,16,16,0,0,0,0,30,17,1,2,1,1,2,2,2,9,1,1,9,9,9,2,1,1,2,1,1,2,1,9,1,1,1,1,1,1,1,2,3,4,4,4,1,2,9,7,0,33,0,10,1,10,2,4,1,1,3,4,1.0,False
9400414,3,1,1,6,2,0,0,2,0,2,1,0,1,0,0,0,0,0,0,1,1,1,2,2,2,2,2,1,9,9,9,9,9,2,1,1,2,1,1,1,1,9,1,1,2,3,0,0,0,0,0,0,0,0,0,2,9,1,0,0,0,0,0,0,0,0,2,2,3,3,0.0,False
2707692,3,19,15,7,10,5,10,0,0,1,2,2,2,2,1,1,1,1,6,6,1,2,2,1,2,2,2,9,9,1,9,9,9,1,1,1,1,1,2,2,1,9,1,1,2,1,0,0,0,0,0,0,0,0,0,1,1,0,10,10,1,0,0,2,1,1,1,1,2,4,1.0,True
7593309,3,3,3,1,3,3,3,0,0,2,4,4,4,4,0,0,0,0,4,4,1,2,2,1,2,2,2,9,9,1,9,9,9,2,1,1,2,1,1,1,2,2,1,1,1,2,0,0,0,0,0,0,0,0,0,2,9,0,0,0,0,0,0,0,0,0,2,2,3,2,1.0,False
5037828,1,1,1,1,26,8,26,0,0,1,6,6,6,6,1,1,1,1,10,10,1,1,2,1,2,2,2,1,9,1,9,9,9,2,1,1,2,1,2,2,1,9,1,1,2,1,4,4,4,4,4,4,4,4,4,2,9,1,0,30,0,1,1,1,2,3,1,1,3,4,1.0,True
2794789,3,5,5,2,17,5,12,3,2,1,1,1,2,2,0,0,1,1,1,1,1,1,2,1,2,1,2,1,9,1,9,2,9,2,1,1,3,1,1,1,2,1,1,1,2,1,0,0,0,0,0,0,0,0,0,1,1,0,2,1,0,11,1,2,2,1,1,2,3,3,1.0,True
7777322,3,2,2,1,4,1,4,0,0,1,1,1,0,0,0,0,0,0,4,3,1,2,1,1,2,2,2,9,1,1,9,9,9,2,1,1,2,1,1,1,1,9,1,1,1,1,0,0,0,0,0,0,0,0,0,1,9,1,16,4,0,0,0,2,1,1,2,2,2,3,1.0,False
6711357,2,2,2,1,19,19,19,0,0,1,10,10,8,8,1,1,1,1,8,6,1,1,2,1,2,2,2,1,9,1,9,9,9,2,1,1,1,1,2,1,1,9,1,2,9,1,0,0,0,0,0,0,0,0,0,1,9,3,6,9,0,1,1,0,2,3,1,1,1,4,1.0,False
7771601,3,1,0,5,2,0,0,0,2,2,2,1,2,1,0,0,0,0,0,0,1,2,2,1,2,2,2,9,9,1,9,9,9,2,1,1,2,2,2,2,1,9,2,2,9,1,0,0,0,0,0,0,0,0,0,2,2,0,0,0,0,0,0,0,0,0,2,2,3,2,0.5,False
6289944,3,2,1,1,3,0,1,2,0,2,1,1,1,1,0,0,0,0,1,1,2,2,2,2,1,2,2,2,2,2,1,2,2,2,1,1,2,1,2,2,1,2,1,1,1,1,0,0,0,0,0,0,0,0,0,2,9,0,0,0,0,0,0,0,0,0,2,2,2,3,1.0,False
3571524,3,2,2,1,4,2,1,0,3,2,1,1,1,1,0,0,0,0,1,2,1,1,2,1,2,2,1,1,2,1,2,2,1,3,1,1,2,1,2,1,1,2,1,1,1,1,0,0,0,0,0,0,0,0,0,2,9,0,0,0,0,0,0,0,0,0,2,2,2,3,1.0,False
1437284,2,2,2,1,8,8,8,0,0,1,2,2,2,2,0,0,0,0,10,8,1,1,2,1,2,2,1,1,9,1,9,9,1,1,1,1,2,1,1,1,1,9,1,1,1,1,1,1,1,4,4,4,4,4,4,2,9,0,0,1,0,0,1,0,0,1,1,2,2,4,1.0,False
8938624,3,3,0,5,4,1,1,3,0,2,1,1,1,1,0,0,0,0,1,1,1,1,2,2,2,2,2,1,9,9,9,9,9,2,1,1,2,1,2,2,2,2,1,2,9,1,0,0,0,0,0,0,0,0,0,2,9,0,0,0,0,0,0,0,0,0,2,2,3,2,1.0,False
6592092,3,1,1,7,2,0,2,0,0,2,1,1,1,1,0,0,0,0,2,2,1,1,2,2,2,2,2,1,9,9,9,9,9,2,1,1,2,1,1,1,1,9,1,1,1,1,0,0,0,0,0,0,0,0,0,2,9,0,0,1,0,0,0,0,0,0,2,2,2,3,1.0,False
8696064,2,21,21,7,29,6,29,0,0,1,2,2,14,8,6,5,4,4,0,0,1,2,2,1,2,2,1,2,2,1,2,2,1,1,1,1,2,1,1,1,1,2,1,1,1,1,1,1,1,1,1,4,4,4,0,9,1,0,0,20,6802,0,1,0,1,1,1,1,2,4,0.625,True
8818736,3,3,0,5,5,3,0,0,5,2,1,1,1,1,0,0,0,0,0,1,1,1,2,2,2,2,2,1,2,2,2,2,2,2,1,1,2,1,2,1,1,2,1,1,1,1,0,0,0,0,0,0,0,0,0,2,9,0,0,0,0,0,0,0,0,0,2,2,3,3,1.0,False
4342229,3,1,1,1,4,0,4,0,0,2,1,1,1,1,0,0,0,0,1,1,1,1,2,2,2,2,2,1,2,2,2,2,2,2,1,1,2,1,1,1,2,2,1,1,1,1,0,0,0,0,0,0,0,0,0,2,9,0,0,0,0,0,0,0,0,0,2,2,2,2,1.0,False
1280982,1,5,5,1,5,3,5,0,0,1,3,3,3,3,0,0,0,0,1,1,1,1,2,1,2,2,2,1,9,1,9,9,9,1,1,1,2,2,2,2,2,2,2,2,9,1,0,0,0,0,0,0,0,0,0,2,9,0,0,0,0,0,0,0,0,0,2,2,3,1,1.0,False
2826801,3,2,2,1,2,2,2,0,0,1,2,2,3,3,1,1,0,0,5,2,1,1,2,1,2,2,2,1,9,1,9,9,9,2,1,1,2,1,1,1,1,9,1,1,1,1,0,0,0,0,0,0,0,0,0,2,9,0,1,0,0,0,0,0,0,0,1,2,2,4,1.0,True
5811223,3,4,1,1,9,3,7,1,1,1,2,2,2,2,1,1,1,1,4,4,1,1,2,1,2,2,2,1,9,1,9,9,9,2,1,1,2,1,2,1,1,9,1,1,1,1,0,0,0,0,0,0,0,0,0,2,2,1,0,4,0,0,0,0,2,0,1,2,2,4,1.0,True
3602935,3,1,1,1,8,2,8,0,0,1,4,4,9,9,1,1,1,1,13,9,1,1,2,1,2,2,2,1,9,1,9,9,9,1,1,1,2,1,1,2,1,9,1,1,1,2,0,0,0,0,0,0,0,0,0,2,2,0,87,2,0,1,0,9,1,2,1,2,3,4,1.0,True
8336297,3,1,1,1,2,2,0,2,0,2,1,1,1,1,1,1,1,1,1,1,1,1,2,1,2,1,1,1,2,1,2,1,1,1,1,1,2,1,2,2,2,1,1,1,1,1,0,0,0,0,0,0,0,0,0,2,9,0,0,0,0,0,0,0,0,0,2,2,2,2,1.0,True
2046686,3,3,2,3,3,1,1,2,0,2,1,1,1,1,0,0,0,0,0,0,1,1,2,1,2,2,2,1,9,1,9,9,9,2,1,1,2,1,2,1,1,9,1,1,1,2,0,0,0,0,0,0,0,0,0,2,9,0,0,0,0,0,0,0,0,0,2,2,3,3,1.0,False
3785115,3,2,2,1,4,2,4,0,0,1,1,1,4,4,0,0,0,0,4,0,1,2,2,1,2,2,2,9,9,1,9,9,9,2,1,1,2,1,2,1,1,9,1,1,1,3,0,0,0,0,0,0,0,0,0,2,9,0,1,0,0,0,0,0,0,0,1,2,3,4,1.0,False
9766324,3,4,4,7,8,8,6,1,1,2,2,2,2,2,0,0,0,0,2,2,1,1,1,1,2,2,2,1,2,1,9,9,9,1,2,1,1,1,1,1,1,9,1,1,1,3,0,0,0,0,0,0,0,0,0,2,2,0,0,0,0,0,0,0,1,0,2,2,2,3,1.0,False
9300768,3,9,9,1,9,2,7,2,0,1,2,1,1,1,1,1,0,0,3,2,1,1,2,2,2,2,2,1,9,9,9,9,9,2,1,1,2,1,2,1,2,2,1,1,1,3,0,0,0,0,0,0,0,0,0,2,2,0,0,0,0,0,0,0,0,0,1,2,3,3,0.6666666666666666,True
1461498,3,1,0,5,3,0,0,2,1,2,1,1,1,1,0,0,0,0,1,1,1,1,2,2,2,2,2,1,2,2,2,2,2,2,1,1,2,1,2,2,1,2,1,1,1,2,0,0,0,0,0,0,0,0,0,2,9,0,0,0,0,0,0,0,0,0,2,2,2,3,1.0,False
7837399,2,2,2,1,15,4,15,0,0,1,2,2,2,2,0,0,0,0,4,4,1,1,2,2,1,2,2,1,9,9,1,9,9,1,1,1,2,1,2,2,1,9,1,1,1,2,4,4,4,1,4,1,1,4,4,2,9,0,0,1,0,0,0,0,0,1,1,2,3,4,1.0,False
8463577,3,4,2,7,5,3,4,1,0,2,1,1,1,1,0,0,0,0,1,1,1,2,2,1,2,2,2,9,9,1,9,9,9,2,2,1,2,1,1,1,1,9,1,1,1,1,0,0,0,0,0,0,0,0,0,2,2,0,0,0,0,0,0,0,0,0,2,2,3,3,1.0,False
7822517,1,3,3,1,3,1,3,0,0,1,1,1,1,1,1,1,0,0,1,1,1,1,2,2,2,2,2,1,9,9,9,9,9,2,1,1,2,2,2,2,1,9,2,1,2,3,0,0,0,0,0,0,0,0,0,2,9,0,0,0,0,0,0,0,0,0,1,2,3,3,1.0,True
9209057,3,2,2,1,7,1,5,0,2,2,1,1,2,2,0,0,0,0,3,6,1,2,2,1,2,2,2,9,9,1,9,9,9,1,1,1,2,1,1,1,2,1,1,1,2,1,0,0,0,0,0,0,0,0,0,2,2,0,28,0,0,0,0,1,0,0,1,2,3,3,1.0,False
7734742,3,1,1,3,2,0,2,0,0,2,1,0,1,0,0,0,0,0,1,1,1,1,2,2,2,2,2,1,9,9,9,9,9,2,1,1,2,1,2,1,1,9,1,1,2,3,0,0,0,0,0,0,0,0,0,2,9,0,0,1,0,0,0,0,0,0,2,2,2,3,0.0,False
8878023,3,2,2,1,8,7,2,6,0,2,4,2,4,2,0,0,0,0,4,4,1,2,2,1,2,2,2,9,9,1,9,9,9,3,1,1,2,1,1,1,1,9,1,1,2,3,0,0,0,0,0,0,0,0,0,2,2,0,2,0,0,0,0,0,1,0,2,2,1,3,0.5,False
9304658,3,1,1,5,3,0,2,1,0,2,1,1,1,1,0,0,0,0,0,0,1,2,2,1,2,2,2,9,9,1,9,9,9,2,1,1,2,1,1,2,2,2,1,2,9,1,0,0,0,0,0,0,0,0,0,2,9,0,0,0,0,0,0,0,0,0,2,2,3,2,1.0,False
2748786,2,1,1,1,9,0,6,3,0,1,4,4,2,2,1,0,0,0,8,4,1,2,2,1,1,2,1,2,2,1,1,2,1,1,1,1,1,1,1,1,1,2,1,1,1,1,0,0,0,0,0,0,0,0,0,9,2,0,1,1,0,0,0,0,0,0,1,2,2,4,1.0,False
3460589,3,1,1,2,2,1,2,0,0,1,1,1,1,1,0,0,0,0,1,1,1,1,2,2,2,2,2,1,9,9,9,9,9,2,1,1,2,1,2,2,2,2,1,1,1,1,0,0,0,0,0,0,0,0,0,2,9,0,1,0,0,0,0,0,0,1,1,1,3,3,1.0,False
5315045,3,1,0,3,4,0,3,0,1,2,0,0,1,1,0,0,0,0,0,0,1,1,2,2,2,2,2,1,9,9,9,9,9,2,2,2,2,2,2,2,1,9,1,2,9,3,0,0,0,0,0,0,0,0,0,2,9,0,0,0,0,0,0,0,0,0,2,2,3,1,1.0,False
8463531,3,3,3,1,3,0,3,0,0,2,1,1,1,1,0,0,0,0,0,0,2,1,2,2,2,2,2,2,9,9,9,9,9,2,2,3,2,1,2,2,1,9,2,1,2,3,0,0,0,0,0,0,0,0,0,2,9,0,1,0,0,0,0,0,0,0,2,2,3,5,1.0,False
5392712,3,2,2,1,9,5,5,0,4,1,0,0,16,16,0,0,0,0,0,16,1,1,1,1,2,2,2,1,1,1,9,9,9,2,1,1,1,1,2,1,1,9,1,1,1,1,0,0,0,0,0,0,0,0,0,1,1,0,0,12,0,0,0,1,1,1,2,1,3,3,1.0,False
9960308,2,8,8,1,8,8,8,0,0,1,2,2,2,2,2,2,2,2,4,4,1,2,2,1,2,2,2,9,9,1,9,9,9,2,1,1,2,1,1,1,2,1,1,1,2,1,1,1,1,1,1,4,4,4,1,2,9,1,1,1,0,1,1,0,1,2,1,2,1,3,1.0,True
6462351,2,4,4,7,8,0,8,0,0,1,1,1,2,2,0,0,0,0,6,8,1,2,2,1,2,2,1,2,2,1,2,2,1,1,1,1,2,1,1,1,2,1,1,1,1,1,0,0,0,0,0,0,0,0,0,9,2,3,0,1,0,0,0,0,0,0,1,2,2,3,1.0,False
2175995,1,1,1,1,6,1,6,0,0,1,0,0,0,0,2,2,2,2,2,2,1,1,2,1,2,2,2,1,9,1,9,9,9,1,1,1,2,1,1,1,1,9,2,1,2,2,0,0,0,0,0,0,0,0,0,2,9,0,0,0,0,0,0,0,0,0,2,2,1,3,,True
3273725,3,2,2,5,2,0,2,0,0,2,1,1,1,1,0,0,1,1,1,1,1,1,2,2,2,2,2,1,9,9,9,9,9,1,1,1,2,1,2,2,2,1,1,1,1,3,0,0,0,0,0,0,0,0,0,2,9,0,1,0,0,0,0,0,0,0,2,2,3,2,1.0,True
2364143,3,2,2,1,2,2,2,0,0,2,1,1,2,2,0,0,0,0,2,2,1,1,2,1,2,2,2,1,9,1,9,9,9,1,1,1,1,2,1,2,1,9,2,1,1,2,4,4,4,4,4,4,4,4,4,2,2,0,0,0,0,0,0,0,0,0,1,2,3,3,1.0,False
2676808,3,1,1,1,3,1,3,0,0,1,0,0,3,3,0,0,1,0,0,2,1,1,2,2,2,2,2,1,9,9,9,9,9,1,1,1,2,1,1,1,2,1,1,1,1,1,0,0,0,0,0,0,0,0,0,2,2,0,0,0,0,0,0,0,0,0,2,2,3,2,1.0,False
4493362,2,1,1,1,11,7,11,0,0,1,1,1,1,1,0,0,0,0,1,1,1,1,2,1,2,2,2,1,9,1,9,9,9,1,1,1,2,1,2,1,1,9,1,1,1,1,0,0,0,0,0,0,0,0,0,1,9,1,1,10,0,1,1,2,1,1,1,2,2,4,1.0,False
6627362,1,1,1,1,14,5,14,0,0,1,2,2,2,2,0,0,0,0,2,2,1,1,2,1,2,2,2,1,9,1,9,9,9,2,1,1,2,1,2,2,1,9,2,1,2,1,1,1,1,4,4,4,1,4,3,1,9,0,0,1,0,0,0,0,0,0,1,2,3,4,1.0,False
2249488,3,2,2,1,8,2,5,0,3,2,2,1,2,1,0,0,0,0,2,2,1,2,2,1,2,2,2,9,9,1,9,9,9,2,1,1,2,1,1,1,1,9,1,2,9,3,0,0,0,0,0,0,0,0,0,2,9,0,2,0,0,0,0,0,0,0,2,2,2,3,0.5,False
4683823,3,2,2,1,11,2,9,2,0,2,1,1,1,1,0,0,0,0,3,3,1,1,2,1,2,2,2,1,9,1,9,9,9,2,1,1,2,1,1,2,1,9,1,1,2,2,2,2,2,2,3,2,3,3,3,1,1,3,0,15,0,0,0,2,1,3,2,2,3,3,1.0,False
1455141,1,1,1,1,8,5,7,1,0,1,2,2,2,2,0,0,0,0,1,1,1,1,2,2,1,2,2,1,9,9,1,9,9,2,1,1,2,2,2,2,1,9,1,1,2,1,0,0,0,0,0,0,0,0,0,2,9,1,0,0,0,0,0,0,0,1,1,2,3,3,1.0,False
3534156,3,1,1,1,3,1,3,0,0,1,1,1,1,1,0,0,0,0,1,1,1,2,2,1,1,2,2,9,9,1,1,9,9,2,1,1,2,1,2,2,1,9,2,2,9,3,0,0,0,0,0,0,0,0,0,2,9,0,0,0,0,0,0,0,0,0,2,2,3,3,1.0,False
9273029,3,2,2,5,2,0,1,1,0,2,1,0,0,0,0,0,1,1,2,4,1,1,2,2,2,2,2,1,9,9,9,9,9,2,1,1,2,1,2,2,2,1,1,1,1,2,0,0,0,0,0,0,0,0,0,2,9,0,1,0,0,0,0,0,0,0,2,2,3,2,0.0,True
6304220,1,1,1,1,8,2,8,0,0,2,1,1,1,1,0,0,0,0,1,1,1,1,2,1,2,2,1,1,2,1,2,2,1,2,1,1,2,1,1,2,1,2,1,2,2,2,0,0,0,0,0,0,0,0,0,2,9,0,0,0,0,0,0,0,0,0,2,2,3,3,1.0,False
2545650,1,6,6,3,6,3,6,0,0,1,2,2,3,3,2,2,3,3,2,3,1,1,2,2,2,2,2,1,9,9,9,9,9,2,2,2,1,2,2,2,1,9,1,1,2,1,0,0,0,0,0,0,0,0,0,2,9,1,0,2,0,0,0,0,0,1,2,2,3,1,1.0,True
9843465,3,1,1,1,6,2,6,0,0,1,1,1,1,1,0,0,0,0,2,1,1,2,2,1,2,2,2,9,9,1,9,9,9,2,1,1,2,1,2,2,2,2,1,1,2,2,4,4,4,4,4,4,4,4,4,2,2,0,0,0,0,0,0,0,0,0,1,2,3,3,1.0,False
4257123,2,1,1,5,8,0,8,0,0,2,5,5,5,5,1,1,0,0,5,5,1,1,2,2,2,1,2,1,2,2,2,1,2,2,1,1,2,2,2,2,2,2,1,1,1,1,0,0,0,0,0,0,0,0,0,2,9,0,0,1,0,0,0,0,0,0,2,2,3,1,1.0,True
9703055,1,1,0,5,1,0,0,0,1,2,1,0,1,0,0,0,0,0,1,1,2,1,2,2,2,2,2,1,9,9,9,9,9,2,2,2,2,1,1,2,2,2,1,2,9,1,0,0,0,0,0,0,0,0,0,2,9,0,0,0,0,0,0,0,0,0,2,2,1,1,0.0,False
5991251,3,3,3,7,7,4,7,0,0,1,2,2,2,2,0,0,0,0,8,4,1,2,2,1,2,2,2,9,9,1,9,9,9,2,1,1,2,1,2,2,2,2,1,1,2,3,0,0,0,0,0,0,0,0,0,2,2,0,0,0,0,0,0,4,0,0,2,2,3,2,1.0,False
7801788,3,11,11,5,11,2,6,3,2,1,1,1,1,1,0,0,0,0,1,1,1,1,2,1,2,2,2,1,9,1,9,9,9,2,1,1,2,2,1,2,1,9,1,1,1,2,0,0,0,0,0,0,0,0,0,2,2,0,0,0,0,0,0,0,0,0,2,2,3,2,1.0,False
3087812,1,2,2,1,9,9,9,0,0,1,1,1,1,1,0,0,0,0,1,1,1,1,2,2,2,2,2,1,9,9,9,9,9,2,1,1,2,1,2,2,1,9,2,2,9,1,0,0,0,0,0,0,0,0,0,1,9,0,0,2,0,0,0,0,0,1,1,2,3,4,1.0,False
9025609,3,2,2,2,2,1,2,0,0,2,2,2,2,2,0,0,0,0,0,0,1,2,2,1,2,2,2,9,9,1,9,9,9,1,1,1,2,1,1,1,1,9,1,1,1,1,0,0,0,0,0,0,0,0,0,2,9,0,0,0,0,0,0,0,0,0,1,1,3,4,1.0,False
9314351,3,6,6,5,12,0,6,4,2,2,1,1,1,1,0,0,0,0,1,1,1,1,2,2,2,2,2,1,9,9,9,9,9,1,1,2,2,2,1,2,1,9,2,1,1,2,0,0,0,0,0,0,0,0,0,2,2,0,0,0,0,0,0,0,0,0,2,2,3,1,1.0,False
7046154,3,1,1,1,2,1,0,2,0,2,1,1,1,1,0,0,0,0,1,1,1,1,2,2,2,2,2,1,9,9,9,9,9,2,1,1,2,1,1,2,2,2,1,1,1,1,0,0,0,0,0,0,0,0,0,2,9,0,1,0,0,0,0,0,0,0,2,2,3,2,1.0,False
8955685,3,2,2,4,3,2,3,0,0,2,1,1,1,1,0,0,0,0,1,1,1,1,2,1,2,2,2,1,9,1,9,9,9,2,1,1,2,1,2,1,1,9,1,1,1,1,0,0,0,0,0,0,0,0,0,2,2,0,1,0,0,0,0,0,0,0,1,2,2,4,1.0,False
2206798,2,1,1,1,3,8,3,0,0,1,10,10,0,0,0,0,0,0,10,0,1,1,2,2,2,2,2,1,9,9,9,9,9,2,1,1,2,1,2,2,1,9,1,2,9,1,0,0,0,0,0,0,0,0,0,2,2,0,0,1,0,0,0,0,0,0,2,2,3,3,1.0,False
5692588,3,2,2,5,6,1,6,0,0,2,1,1,2,1,0,0,0,0,0,0,1,2,2,1,2,2,2,9,9,1,9,9,9,2,1,1,1,2,1,1,1,9,2,2,9,3,0,0,0,0,0,0,0,0,0,2,2,0,0,4,0,0,0,0,0,1,2,2,3,2,0.6666666666666666,False
4593669,3,4,4,1,9,2,9,0,0,2,2,1,2,1,0,0,0,0,2,2,1,1,2,1,2,2,1,1,9,1,9,9,1,2,1,1,3,1,1,1,1,9,1,1,1,2,0,0,0,0,0,0,0,0,0,2,2,0,0,0,0,0,0,0,0,0,2,2,3,3,0.5,False
4803720,3,1,1,2,5,2,4,1,0,1,1,1,1,1,1,1,0,0,2,2,1,2,2,1,2,2,2,9,9,1,9,9,9,2,1,1,2,1,1,2,1,9,1,1,1,1,0,0,0,0,0,0,0,0,0,2,2,0,0,0,0,0,0,0,0,0,2,2,3,3,1.0,True
2619359,1,1,0,5,1,0,0,0,1,2,0,0,0,0,0,0,0,0,0,0,2,9,9,9,9,9,9,9,9,9,9,9,9,2,2,2,2,2,1,2,1,9,1,2,9,2,0,0,0,0,0,0,0,0,0,2,9,0,0,0,0,0,0,0,0,0,2,2,3,1,,False
7491068,3,4,4,1,4,1,4,0,0,1,2,2,2,2,0,0,1,1,1,1,1,1,2,1,2,2,2,1,9,1,9,9,9,2,1,1,2,1,1,1,1,9,2,1,1,2,0,0,0,0,0,0,0,0,0,2,9,0,0,0,0,0,0,1,0,0,2,2,2,3,1.0,True
4999070,1,1,1,1,8,15,8,0,0,1,20,20,20,20,4,4,4,4,20,20,1,1,1,1,2,1,1,1,1,1,9,1,1,1,2,1,2,1,2,2,1,9,1,2,9,1,0,0,0,0,0,0,0,0,0,1,9,2,0,35,0,12,1,1,3,3,1,1,3,4,1.0,False
8814876,3,1,1,5,6,0,5,1,0,2,0,0,2,2,0,0,0,0,0,1,1,1,2,2,2,2,2,1,9,9,9,9,9,2,1,1,2,1,1,1,1,9,1,1,2,2,0,0,0,0,0,0,0,0,0,2,2,0,3,0,0,0,0,0,0,0,2,2,3,3,1.0,False
5827685,1,0,0,5,0,0,0,0,0,2,0,0,0,0,0,0,0,0,0,0,2,9,9,9,9,9,9,9,9,9,9,9,9,2,2,2,2,2,2,2,2,2,2,2,9,2,0,0,0,0,0,0,0,0,0,2,9,0,0,0,0,0,0,0,0,0,2,2,2,0,,False
8896423,3,2,2,8,2,2,2,0,0,2,2,2,2,2,0,0,0,0,4,2,1,2,2,1,2,2,2,9,9,1,9,9,9,1,1,1,2,1,1,1,1,9,1,1,1,1,0,0,0,0,0,0,0,0,0,1,2,0,53,0,0,0,0,0,0,0,1,2,2,4,1.0,False
6078187,3,2,2,1,2,0,1,1,0,2,1,1,1,1,0,0,0,0,2,2,2,2,2,1,2,2,2,9,9,1,9,9,9,1,1,1,2,1,1,1,1,9,1,2,9,2,0,0,0,0,0,0,0,0,0,2,9,0,0,0,0,0,0,0,0,0,2,2,3,3,1.0,False
8137945,3,2,1,3,3,0,2,0,1,2,1,1,1,1,1,1,1,1,1,1,1,1,2,2,2,2,2,1,9,9,9,9,9,1,1,1,2,1,1,1,2,1,1,1,1,1,0,0,0,0,0,0,0,0,0,2,9,0,0,0,0,0,0,0,0,0,1,2,3,3,1.0,True
8116967,3,1,1,5,3,3,3,0,0,2,1,1,1,1,0,0,0,0,1,1,1,1,2,2,2,2,2,1,9,9,9,9,9,2,1,1,2,1,1,2,1,9,1,1,2,2,0,0,0,0,0,0,0,0,0,2,9,0,1,0,0,0,0,0,0,0,2,2,3,3,1.0,False
2772275,3,2,2,5,2,0,1,1,0,2,1,1,1,1,0,0,0,0,1,1,1,1,2,1,2,2,2,1,9,1,9,9,9,1,1,1,1,1,1,2,2,2,1,1,1,1,0,0,0,0,0,0,0,0,0,2,9,0,1,0,0,0,0,0,0,0,2,2,3,2,1.0,False
1304265,3,1,1,1,4,0,4,0,0,2,1,1,1,1,1,1,0,0,1,0,1,2,2,1,2,2,2,9,9,1,9,9,9,2,1,1,2,1,1,1,1,9,1,1,1,1,0,0,0,0,0,0,0,0,0,2,9,0,0,1,0,0,0,0,1,0,1,2,3,4,1.0,True
3097410,3,2,2,1,5,1,2,1,2,2,1,1,1,1,0,0,0,0,1,1,1,1,2,2,2,2,2,1,9,9,9,9,9,3,2,1,2,1,2,2,1,9,1,1,2,2,0,0,0,0,0,0,0,0,0,2,2,0,3,0,0,0,0,0,0,0,2,2,3,3,1.0,False
8970529,3,5,5,5,5,2,3,2,0,1,0,0,1,1,0,0,0,0,0,0,1,1,2,2,2,2,2,1,9,9,9,9,9,2,1,1,2,2,1,1,2,1,1,2,9,1,0,0,0,0,0,0,0,0,0,2,2,0,0,0,0,0,0,0,0,0,1,2,3,2,1.0,False
6537991,3,3,3,5,3,0,1,1,1,2,2,1,2,1,1,1,1,1,1,1,2,1,2,2,2,2,2,1,9,9,9,9,9,2,1,1,2,1,2,2,1,9,2,1,1,3,0,0,0,0,0,0,0,0,0,2,9,0,0,0,0,0,0,0,0,0,1,2,3,4,0.5,True
3810816,3,1,1,1,4,0,4,0,0,2,1,0,1,0,0,0,0,0,1,1,1,1,2,2,2,2,2,1,9,9,9,9,9,2,1,1,2,1,2,2,1,9,1,1,2,3,0,0,0,0,0,0,0,0,0,2,2,0,0,0,0,0,0,0,0,0,2,2,3,3,0.0,False
1790772,3,1,1,1,8,0,2,4,2,2,1,1,1,1,0,0,0,0,1,1,1,1,2,2,2,2,2,1,9,9,9,9,9,2,1,1,1,1,1,1,2,2,1,1,1,2,0,0,0,0,0,0,0,0,0,2,2,0,0,1,0,0,0,0,2,1,1,2,2,3,1.0,False
5927226,1,1,1,4,26,24,26,0,0,1,4,4,3,3,0,0,0,0,7,4,1,2,2,1,2,2,1,9,9,1,9,9,1,2,1,1,2,1,1,1,1,9,2,2,9,1,1,1,1,1,1,1,1,1,1,1,9,3,0,15,0,2,1,2,2,3,1,2,2,4,1.0,False
9735791,3,1,0,5,4,0,0,4,0,2,1,1,1,1,0,0,0,0,1,1,2,2,2,2,1,2,2,9,9,9,1,9,9,2,2,2,2,2,2,2,2,1,2,1,1,2,0,0,0,0,0,0,0,0,0,2,9,0,0,0,0,0,0,0,0,0,2,2,2,0,1.0,False
4200580,3,2,2,2,2,2,0,1,1,1,1,1,1,1,0,0,0,0,0,0,1,2,2,1,2,2,2,9,9,1,9,9,9,1,1,2,2,1,2,2,2,2,1,2,9,1,0,0,0,0,0,0,0,0,0,2,9,0,1,0,0,0,0,0,0,0,1,2,3,2,1.0,False
6400731,2,18,18,2,30,6,30,0,0,1,2,2,22,19,6,6,10,8,0,0,1,2,2,1,2,2,1,2,2,1,2,2,1,1,1,1,2,1,1,1,1,2,1,1,1,1,1,1,1,1,1,4,4,4,0,9,1,0,0,20,5401,20,1,0,1,1,1,1,2,4,0.875,True
4347875,3,5,5,1,5,0,5,0,0,2,1,1,1,1,1,1,1,1,1,1,1,2,2,1,2,2,2,9,9,1,9,9,9,1,1,1,3,1,1,1,1,9,1,1,1,1,0,0,0,0,0,0,0,0,0,2,2,0,0,0,0,0,0,0,0,0,2,2,3,3,1.0,True
7060851,1,2,2,1,14,2,14,0,0,1,4,4,4,4,0,0,0,0,2,2,1,1,2,2,2,2,2,1,9,9,9,9,9,1,1,2,3,1,2,2,1,9,2,1,1,1,1,1,1,1,1,3,3,3,3,2,9,1,4,2,0,2,1,2,1,1,1,2,1,3,1.0,False
3927325,1,2,2,1,18,8,18,0,0,1,3,3,3,3,1,1,1,1,3,3,1,1,2,1,2,2,2,1,9,1,9,9,9,2,1,1,2,1,1,1,1,9,1,2,9,1,0,0,0,0,0,0,0,0,0,1,9,3,1,5,0,5,1,2,2,2,1,1,3,4,1.0,False
1185293,3,1,1,5,2,2,0,0,2,1,1,1,1,1,0,0,0,0,1,1,1,1,2,1,2,2,2,1,9,1,9,9,9,2,1,1,2,1,1,1,1,9,1,1,1,3,0,0,0,0,0,0,0,0,0,2,9,0,2,0,0,0,0,0,0,0,2,2,2,3,1.0,False
3112708,1,1,1,2,5,3,5,0,0,2,1,1,1,1,0,0,0,0,0,0,1,1,2,2,2,2,2,1,9,9,9,9,9,2,1,1,2,1,2,2,1,9,1,2,9,1,0,0,0,0,0,0,0,0,0,2,9,0,0,0,0,0,0,0,0,0,2,2,3,3,1.0,False
9886976,1,1,1,1,61,5,33,28,0,1,0,0,27,25,0,0,1,1,0,25,1,2,2,1,2,2,1,2,2,1,2,2,1,1,1,1,2,1,1,1,1,2,1,1,1,1,1,1,1,1,1,4,4,1,0,9,2,0,0,22,9613,0,1,0,0,0,1,1,2,4,0.9259259259259259,True
7707323,3,1,1,1,4,4,4,0,0,2,1,1,1,1,0,0,0,0,2,2,1,2,2,1,1,2,2,9,9,1,1,9,9,2,1,1,2,1,2,2,1,9,1,1,1,2,0,0,0,0,0,0,0,0,0,2,2,0,1,1,0,0,0,0,0,1,1,1,2,4,1.0,False
8282863,3,1,1,1,2,2,1,0,1,2,1,1,1,1,0,0,0,0,1,1,1,2,2,1,2,2,2,9,9,1,9,9,9,2,1,1,2,1,1,1,2,1,1,2,9,2,0,0,0,0,0,0,0,0,0,2,2,0,0,0,0,0,0,0,0,0,2,2,3,2,1.0,False
7307286,3,1,1,5,8,1,7,1,0,2,2,2,2,2,0,0,0,0,2,2,2,1,2,2,2,2,2,1,9,9,9,9,9,2,1,2,2,2,1,2,2,2,2,2,9,3,0,0,0,0,0,0,0,0,0,2,9,0,0,0,0,0,0,0,0,0,2,2,3,0,1.0,False
5781247,1,2,2,1,60,19,60,0,0,1,20,20,20,20,5,5,5,5,30,25,1,2,2,1,2,2,2,9,9,1,9,9,9,1,1,1,1,1,2,2,1,9,1,1,1,1,1,1,1,1,1,1,1,1,1,1,9,5,0,25,0,20,1,20,4,6,1,1,1,4,1.0,True
3903319,2,2,1,1,13,9,13,0,0,1,5,5,5,5,1,1,1,1,7,5,1,2,1,1,2,2,2,9,1,1,9,9,9,1,1,1,2,1,1,1,1,9,1,1,2,2,4,4,4,4,4,2,2,4,2,2,9,1,0,2,0,0,0,0,1,1,1,2,2,4,1.0,True
1930939,3,1,1,3,2,2,2,0,0,1,1,1,1,1,1,1,1,1,1,1,1,1,2,2,2,2,2,1,9,9,9,9,9,1,1,1,2,1,2,2,1,9,1,1,1,3,0,0,0,0,0,0,0,0,0,2,9,0,0,0,0,0,0,0,0,0,1,2,2,4,1.0,True
2590207,3,1,1,1,2,1,2,0,0,1,0,0,0,0,0,0,0,0,0,0,1,2,2,1,2,2,2,9,9,1,9,9,9,2,1,1,2,1,1,1,1,9,2,2,9,3,0,0,0,0,0,0,0,0,0,2,9,0,0,0,0,0,0,0,0,0,2,2,3,3,,False
4114611,3,2,2,5,2,0,1,1,0,2,2,2,2,2,1,1,1,1,1,1,1,1,2,1,2,2,1,1,2,1,2,2,1,2,1,1,2,1,2,2,2,2,2,1,1,1,0,0,0,0,0,0,0,0,0,2,9,0,0,0,0,0,0,0,0,0,2,2,3,2,1.0,True
6229396,3,1,1,1,4,0,4,0,0,2,1,1,1,1,0,0,0,0,0,0,2,1,2,2,2,2,2,1,9,9,9,9,9,2,2,1,2,2,2,2,2,2,2,2,9,2,0,0,0,0,0,0,0,0,0,2,9,0,0,0,0,0,0,0,0,0,2,2,2,1,1.0,False
2767210,3,1,1,1,9,2,6,0,3,1,2,2,4,4,0,0,0,0,6,3,1,2,2,1,2,2,2,9,9,1,9,9,9,2,1,1,2,1,2,2,1,9,2,1,2,2,4,4,4,4,4,4,4,4,1,1,1,1,0,12,0,0,0,1,1,2,1,1,3,4,1.0,False
6912799,3,1,1,1,2,1,2,0,0,1,1,1,1,1,1,1,0,0,1,1,1,2,2,2,1,2,2,9,9,9,1,9,9,3,1,1,2,1,2,1,2,2,1,1,1,3,0,0,0,0,0,0,0,0,0,2,9,0,0,0,0,0,0,0,0,0,1,2,3,3,1.0,True
7718727,2,1,1,1,14,1,14,0,0,1,2,2,2,2,0,0,0,0,2,2,1,2,2,1,2,2,2,9,9,1,9,9,9,2,1,1,2,1,2,2,1,9,2,1,2,2,0,0,0,0,0,0,0,0,0,2,9,0,0,1,0,0,0,0,0,1,1,2,3,4,1.0,False
2650297,1,1,1,1,4,1,4,0,0,1,1,1,1,1,0,0,0,0,1,1,1,2,2,1,2,2,2,9,9,1,9,9,9,2,1,1,2,1,2,1,2,1,1,2,9,2,0,0,0,0,0,0,0,0,0,2,9,0,0,1,0,0,0,0,0,0,1,2,2,3,1.0,False
5243782,3,1,1,2,2,0,2,0,0,2,1,1,1,1,0,0,0,0,1,1,2,2,2,1,2,2,2,9,9,1,9,9,9,2,1,2,2,1,2,1,1,9,1,1,2,1,0,0,0,0,0,0,0,0,0,2,9,0,0,0,0,0,0,0,0,0,2,2,3,2,1.0,False
5620525,2,1,1,1,32,16,32,0,0,1,12,12,8,8,0,0,0,0,20,6,1,2,2,1,2,2,2,9,9,1,9,9,9,2,1,1,2,1,2,1,2,1,1,1,9,1,0,0,0,0,0,0,0,0,0,2,9,0,0,15,0,3,0,3,3,1,1,2,1,3,1.0,False
8726254,1,1,1,1,12,2,12,0,0,1,3,3,31,3,1,1,0,0,2,0,1,1,2,1,1,2,2,1,9,1,1,9,9,2,1,1,1,1,2,2,1,9,1,1,2,1,0,0,0,0,0,0,0,0,0,2,9,0,0,0,0,0,0,0,0,0,1,2,3,4,0.17647058823529413,True
6233150,1,12,12,1,12,6,12,0,0,1,3,3,2,2,0,0,0,0,1,1,1,1,2,2,2,2,2,1,9,9,9,9,9,2,1,2,2,1,2,2,1,9,1,1,1,1,0,0,0,0,0,0,0,0,0,2,9,0,0,0,0,0,0,0,0,0,2,2,3,2,1.0,False
3265062,3,2,2,5,4,0,4,0,0,2,2,2,2,2,0,0,0,0,1,1,1,1,2,2,2,1,2,1,2,2,2,1,2,2,1,1,2,2,1,2,2,1,1,2,2,2,0,0,0,0,0,0,0,0,0,2,9,0,0,0,0,0,0,0,0,0,2,2,2,1,1.0,False
5539148,3,10,10,2,10,4,10,0,0,2,2,0,2,0,1,1,0,0,2,2,1,1,2,2,2,2,2,1,9,9,9,9,9,1,1,2,2,1,1,1,1,9,2,1,2,1,0,0,0,0,0,0,0,0,0,2,2,0,0,0,0,0,0,0,0,0,2,2,3,2,0.0,True
4102337,3,2,2,5,5,1,5,0,0,1,1,1,1,1,1,1,0,0,1,1,1,1,2,2,2,2,2,1,2,2,2,2,2,2,1,1,2,1,2,2,2,1,1,1,1,2,0,0,0,0,0,0,0,0,0,2,9,0,0,0,0,0,0,0,0,0,2,2,3,2,1.0,True
6174878,3,1,1,5,2,0,2,0,0,2,1,1,1,1,0,0,0,0,0,0,2,1,2,2,2,2,2,1,9,9,9,9,9,3,1,1,3,2,2,2,2,2,2,1,2,3,0,0,0,0,0,0,0,0,0,2,9,0,0,0,0,0,0,0,0,0,2,2,3,1,1.0,False
2578087,1,13,13,1,13,6,13,0,0,1,1,1,1,1,0,0,0,0,2,2,1,1,2,1,2,2,2,1,9,1,9,9,9,1,1,1,2,1,2,1,1,9,2,1,2,1,4,4,4,4,4,4,4,4,4,2,2,0,0,0,0,0,0,0,0,0,1,2,3,4,1.0,False
7319369,3,2,2,1,14,5,5,9,0,1,1,1,2,2,0,0,0,0,3,2,1,1,2,1,1,2,2,1,9,1,1,9,9,1,1,1,2,1,2,2,1,9,1,1,1,2,4,4,4,4,4,2,4,4,4,1,1,1,0,10,0,0,0,0,0,0,1,2,3,4,1.0,False
7997678,1,1,0,5,8,0,8,0,0,2,0,0,0,0,0,0,0,0,0,0,2,9,9,9,9,9,9,9,9,9,9,9,9,1,1,2,2,2,2,2,2,1,2,2,9,1,0,0,0,0,0,0,0,0,0,2,9,0,0,0,0,0,0,0,0,0,2,2,3,0,,False
9392232,1,1,1,1,4,3,4,0,0,1,1,1,1,1,0,0,0,0,1,1,1,1,2,2,2,2,2,1,9,9,9,9,9,2,2,1,2,1,2,2,1,9,2,1,1,1,0,0,0,0,0,0,0,0,0,2,9,0,0,0,0,0,0,0,0,0,2,2,2,3,1.0,False
1712967,3,1,1,2,3,1,2,1,0,2,1,1,1,1,0,0,0,0,0,2,1,1,2,2,2,2,2,1,2,2,2,2,2,2,1,1,2,1,1,2,2,1,1,1,1,1,0,0,0,0,0,0,0,0,0,2,9,0,0,0,0,0,0,0,0,0,1,2,3,3,1.0,False
7696608,3,1,1,5,3,1,3,0,0,2,1,1,1,1,0,0,0,0,0,0,1,1,2,1,2,2,2,1,9,1,9,9,9,2,1,1,2,2,1,2,1,9,1,1,1,3,0,0,0,0,0,0,0,0,0,2,9,0,0,0,0,0,0,0,0,0,2,2,3,2,1.0,False
7502908,3,2,2,5,3,2,3,0,0,2,1,0,1,0,0,0,0,0,1,1,1,1,2,2,2,2,2,1,9,9,9,9,9,2,1,1,2,1,1,1,2,2,1,2,9,1,0,0,0,0,0,0,0,0,0,2,2,0,1,0,0,0,0,0,0,0,1,2,3,3,0.0,False
6898571,2,2,2,3,12,2,12,0,0,1,2,2,2,2,0,0,0,0,6,6,1,1,2,2,1,2,2,1,9,9,1,9,9,2,1,1,2,1,1,1,1,9,1,1,1,1,0,0,0,0,0,0,0,0,0,2,2,0,0,0,0,0,0,0,0,0,2,2,3,3,1.0,False
5991018,3,3,3,1,3,0,3,0,0,2,1,1,1,1,0,0,0,0,1,1,1,1,2,2,2,2,2,1,9,9,9,9,9,2,1,1,2,1,1,1,1,9,1,1,2,1,0,0,0,0,0,0,0,0,0,2,9,0,2,0,0,0,0,0,0,0,1,2,3,4,1.0,False
6124035,1,8,4,1,4,8,2,0,2,1,1,1,1,1,0,0,0,0,1,1,1,1,2,1,2,2,1,1,9,1,9,9,1,1,1,1,2,1,1,1,1,9,1,2,9,1,0,0,0,0,0,0,0,0,0,1,1,0,0,5,500,5,0,2,2,1,1,2,2,4,1.0,False
6204523,3,1,1,7,3,1,0,0,3,2,2,0,2,0,1,0,0,0,2,2,1,1,2,2,2,2,2,1,9,9,9,9,9,2,1,1,2,1,2,2,1,9,1,2,9,1,0,0,0,0,0,0,0,0,0,2,2,0,1,0,0,0,0,0,0,0,2,2,3,3,0.0,False
3577230,1,1,1,1,28,28,28,0,0,1,15,15,15,15,1,1,1,1,15,15,1,2,2,1,2,2,2,9,9,1,9,9,9,2,1,1,2,1,2,2,1,9,1,1,2,1,1,1,1,1,1,1,3,3,1,1,9,2,66,14,0,70,0,0,45,4,1,2,3,4,1.0,True
1229728,3,3,0,5,8,2,6,0,2,1,2,2,2,2,0,0,0,0,0,0,1,2,2,1,2,2,2,9,9,1,9,9,9,2,1,1,2,1,1,1,1,9,1,2,9,2,0,0,0,0,0,0,0,0,0,2,2,0,0,0,0,0,0,0,0,1,2,2,3,3,1.0,False
9250753,3,1,1,5,3,0,3,0,0,2,1,1,1,1,0,0,0,0,2,2,1,1,2,1,2,2,2,1,9,1,9,9,9,2,1,1,2,2,1,2,2,1,1,1,1,1,0,0,0,0,0,0,0,0,0,2,9,0,1,1,0,0,0,0,0,1,1,1,3,2,1.0,False
1753908,2,8,8,5,8,4,8,0,0,1,1,1,1,1,1,1,1,1,1,1,1,2,1,1,1,2,1,2,1,1,1,2,1,2,1,1,2,2,2,2,2,1,2,2,2,1,0,0,0,0,0,0,0,0,0,2,9,0,0,0,0,0,0,0,0,0,2,2,3,1,1.0,False
2145652,1,2,0,8,8,8,8,0,0,1,5,5,5,5,0,0,0,0,10,10,1,2,2,1,2,2,2,9,9,1,9,9,9,1,2,1,2,2,2,2,2,2,1,2,9,1,0,0,0,0,0,0,0,0,0,1,9,2,2,10,0,0,1,1,4,2,1,2,3,2,1.0,False
2031802,3,1,1,5,5,1,3,0,2,1,1,1,1,1,1,1,1,1,1,1,1,1,2,1,2,2,2,1,9,1,9,9,9,1,1,1,1,1,2,2,1,9,1,1,1,3,0,0,0,0,0,0,0,0,0,2,2,0,0,0,0,0,0,0,0,0,1,2,3,4,1.0,True
2485003,3,5,3,7,5,0,3,0,2,2,1,1,1,1,0,0,0,0,1,1,1,1,2,2,2,2,2,1,9,9,9,9,9,1,1,1,2,1,2,1,1,9,1,1,1,2,0,0,0,0,0,0,0,0,0,2,2,0,20,2,100,0,0,0,0,1,2,2,3,3,1.0,False
5134780,3,1,1,1,2,0,2,0,0,2,1,1,1,1,0,0,0,0,0,0,2,2,2,1,2,2,2,9,9,1,9,9,9,2,2,1,2,1,1,1,2,2,1,1,1,2,0,0,0,0,0,0,0,0,0,2,9,0,0,0,0,0,0,0,0,0,2,2,3,2,1.0,False
3517509,3,2,1,5,5,2,4,0,1,2,2,2,2,2,1,1,1,1,3,3,1,1,2,2,2,2,2,1,2,2,2,2,2,2,1,1,2,2,1,2,1,2,1,1,1,2,0,0,0,0,0,0,0,0,0,2,9,0,0,0,0,0,0,0,0,0,2,2,3,2,1.0,True
3656334,3,1,1,1,5,1,2,0,3,1,1,1,1,1,1,1,0,0,1,1,1,1,2,1,2,2,2,1,9,1,9,9,9,1,1,1,2,1,1,1,1,9,1,1,1,3,0,0,0,0,0,0,0,0,0,2,9,0,0,0,0,0,0,0,0,0,2,2,3,3,1.0,True
3860121,1,1,1,1,20,10,20,0,0,1,6,6,6,6,1,1,1,1,6,6,1,1,1,1,2,2,2,1,1,1,9,9,9,2,1,1,2,1,1,1,1,9,1,2,9,1,1,1,1,4,4,4,4,4,1,1,9,1,2,6,0,2,1,2,2,2,1,2,1,4,1.0,False
2454529,3,1,1,1,5,2,4,1,0,1,6,6,6,6,0,0,1,1,0,0,1,1,2,1,2,2,2,1,9,1,9,9,9,1,1,1,2,1,1,1,1,9,1,1,2,1,0,0,0,0,0,0,0,0,0,2,2,0,0,1,0,0,0,2,0,0,2,2,3,3,1.0,True
1272992,3,4,4,3,4,0,2,1,1,2,1,1,1,1,0,0,0,0,2,2,1,1,2,1,2,2,2,1,9,2,9,9,9,1,1,1,2,1,1,1,1,9,1,1,1,3,0,0,0,0,0,0,0,0,0,2,9,0,3,0,0,0,0,0,0,0,1,2,3,4,1.0,False
9580912,3,2,2,5,2,0,1,1,0,2,1,1,1,1,0,0,0,0,1,1,2,2,2,1,2,2,2,9,9,1,9,9,9,1,1,1,2,1,1,1,2,1,1,1,2,1,0,0,0,0,0,0,0,0,0,2,9,0,1,0,0,0,0,0,0,0,2,2,3,2,1.0,False
8830262,3,1,1,7,4,0,0,4,0,2,1,1,1,1,1,1,1,1,1,1,1,1,2,1,2,2,2,1,9,1,9,9,9,2,1,1,2,1,1,1,1,9,1,1,1,1,0,0,0,0,0,0,0,0,0,2,2,0,0,0,0,0,0,0,2,0,1,2,3,4,1.0,True
7580163,3,4,3,5,4,2,0,4,0,1,1,1,1,1,1,0,1,0,1,1,1,2,2,2,2,2,1,9,9,9,9,9,1,2,1,1,2,1,2,2,2,1,1,1,2,1,0,0,0,0,0,0,0,0,0,2,9,0,0,0,0,0,0,1,0,0,2,2,3,2,1.0,False
9836061,1,2,2,1,29,8,29,0,0,1,2,2,2,2,0,0,0,0,6,6,1,2,2,1,1,2,2,9,9,1,1,9,9,1,1,1,1,1,2,1,2,1,2,2,9,1,0,0,0,0,0,0,0,0,0,1,9,5,0,52,0,0,1,0,13,2,1,2,3,3,1.0,False
4511872,3,1,1,1,3,1,2,1,0,1,2,2,2,2,0,0,0,0,1,1,1,1,2,2,2,2,2,1,9,9,9,9,9,2,1,1,2,1,2,1,1,9,1,1,1,3,0,0,0,0,0,0,0,0,0,2,2,0,3,0,0,0,0,0,0,0,1,2,3,4,1.0,False
5890710,1,1,1,1,5,4,5,0,0,1,1,1,1,1,0,0,0,0,1,1,2,1,2,2,2,2,2,1,9,9,9,9,9,1,1,1,1,1,1,1,1,9,2,1,2,1,0,0,0,0,0,0,0,0,0,2,9,1,1,1,0,0,1,0,0,1,1,2,3,4,1.0,False
4307544,3,1,0,1,3,0,2,0,1,2,1,1,1,1,0,0,0,0,1,1,1,1,2,1,2,2,2,1,9,1,9,9,9,2,1,1,2,1,1,1,1,9,1,1,1,1,0,0,0,0,0,0,0,0,0,2,2,0,0,0,0,0,0,0,0,0,1,2,2,4,1.0,False
